﻿id;first_name;last_name;middle_name
06731e05-77fa-11e1-800b-001e8c86810b;Татьяна;Куник;Васильевна
e3298f39-7d89-11e1-8011-001e8c86810b;Виктория;Карпенко;Викторовна
277c8825-8d17-11e1-802a-001e8c86810b;Дмитрий;Грищук;Валерьевич
577c2fb5-8f5d-11e1-802b-001e8c86810b;Григорий;Мехведь;Павлович
8db7d625-647e-11e2-8080-001517b35d6e;Юлия;Крохмалева;Владимировна
3e13bc28-a518-11e7-80c6-ac1f6b00e93f;Андрей;Медведев;Александрович
8bf23ebe-056f-11e7-80c7-001e67dfc657;Георгий;Плехов;Васильевич
d8eadedc-becb-11e7-80c8-ac1f6b00e93f;Анастасия;Ефремова;Юрьевна
29ef944b-500d-11e7-80cb-001e67dfc657;Яна;Романчук;Юрьевна
899bd902-6d11-11e7-80cc-001e67dfc657;Владислав;Абельмазов;Валерьевич
2216b668-75c2-11e7-80cd-001e67dfc657;Евгений;Никулин;Анатольевич
aa97eb79-8319-11e7-80cd-001e67dfc657;Наталья;Алёхина;Витальевна
75f63bb7-3d51-11e8-80d0-ac1f6b00e93f;Николай;Ковалев;Олегович
4bedb825-4859-11e8-80d0-ac1f6b00e93f;Владимир;Исаков;Егорович
442e4c6c-623f-11e8-80d1-ac1f6b00e93f;Андрей;Кузьмин;Валерьевич
8c5ba404-c799-11e8-80d5-ac1f6b00e93f;Екатерина;Ечина;Дмитриевна
2bd5e187-5fd8-11e2-8205-c86000c5baea;Светлана;Федурина;Петровна
cff9b59c-6486-11e2-8205-c86000c5baea;Александр;Гладуш;Иванович
208c0dd5-651d-11e2-8205-c86000c5baea;Андрей;Египко;Алексеевич
208c0dd8-651d-11e2-8205-c86000c5baea;Юрий;Епифанцев;Николаевич
208c0dd9-651d-11e2-8205-c86000c5baea;Владимир;Жуков;Викторович
208c0ddb-651d-11e2-8205-c86000c5baea;Евгений;Замуленко;Вячеславович
208c0ddc-651d-11e2-8205-c86000c5baea;Александр;Зарецкий;Григорьевич
208c0de1-651d-11e2-8205-c86000c5baea;Галина;Китаева;Сергеевна
208c0de2-651d-11e2-8205-c86000c5baea;Ирина;Баранова;Николаевна
34368fe5-653d-11e2-8205-c86000c5baea;Алексей;Красноперов;Петрович
73d9dc96-13ca-11e4-82f5-ac220b293643;Антонина;Ефременко;Николаевна
9bead385-9d11-11e2-84a0-001517b35d6e;Михаил;Шиповской;Николаевич
3568b278-4363-11e2-8602-001517b35d6e;Михаил;Харин;Александрович
ae6992e4-c665-11e1-87fd-6cf0494cb466;Сергей;Глазунов;Петрович
c75176f1-cc08-11e1-8805-6cf0494cb466;Сергей;Донской;Васильевич
c75176f3-cc08-11e1-8805-6cf0494cb466;Николай;Круцких;Михайлович
c75176f5-cc08-11e1-8805-6cf0494cb466;Александр;Афанасьев;Николаевич
c7517712-cc08-11e1-8805-6cf0494cb466;Юрий;Амельченко;Викторович
c7517718-cc08-11e1-8805-6cf0494cb466;Александр;Мерзликин;Григорьевич
f292536c-ccaf-11e1-8806-6cf0494cb466;Евгений;Титов;Николаевич
457ff841-ccb8-11e1-8806-6cf0494cb466;Станислав;Труфанов;Станиславович
3d3c0ee6-dbcb-11e1-881a-6cf0494cb466;Наталья;Суворова;Ивановна
193487d6-ae79-11e2-8b74-c86000c5baea;Анатолий;Силин;Федорович
193487dc-ae79-11e2-8b74-c86000c5baea;Виктор;Денисов;Александрович
193487f3-ae79-11e2-8b74-c86000c5baea;Евгений;Грибакин;Владимирович
193487f5-ae79-11e2-8b74-c86000c5baea;Геннадий;Тимофеев;Александрович
19348801-ae79-11e2-8b74-c86000c5baea;Николай;Реутов;Викторович
12af3db6-4c9e-11e1-8fe6-001e8c67cc68;Дмитрий;Шкарупин;Викторович
607bc87d-8d8a-11e3-91d1-c86000c5baea;Владимир;Сорока;Александрович
2060146b-8d8c-11e3-91d1-c86000c5baea;Иван;Сороков;Сергеевич
ed47e380-26c9-11e4-93ed-001e67590bff;Александр;Огурцов;Викторович
be0c6abc-2795-11e4-93ed-001e67590bff;Александр;Балашов;Владимирович
4dec874d-279a-11e4-93ed-001e67590bff;Александра;Морозова;Александровна
79fde3c1-332a-11e4-93ee-001e67590bff;Леонид;Суслов;Алексеевич
63894d58-3435-11e4-93ee-001e67590bff;Полина;Базаева;
fc2e857f-37eb-11e4-93ee-001e67590bff;Дмитрий;Вишневский;Алексеевич
c04f8d68-493b-11e4-93ee-001e67590bff;Махсуд;Юсупов;Хамзаевич
d24896b7-dd58-11e2-93ef-0025909b4cd8;Степан;Зайцев;Викторович
f8a508b4-dcc2-11e2-93f1-001e67647af1;Сергей;Гончаров;Васильевич
b9755f97-df24-11e2-93f1-001e67647af1;Александра;Мерзликина;Григорьевна
6ed67add-fe98-11e2-93f1-0025909b4cd8;Александр;Приданцев;Сергеевич
ab619b8a-7928-11e4-93f2-001e67590bff;Сергей;Климов;Васильевич
7366bf5a-9c90-11e4-93f2-001e67994b5e;Евгений;Хлебуш;Геннадиевич
cfb4dc51-153b-11e3-93f5-0025909b4cd8;Владимир;Коваленко;Владимирович
3c95fe8f-1ed1-11e3-93f5-0025909b4cd8;Анна;Бойченко;Вячеславовна
f63820a5-1f86-11e3-93f5-0025909b4cd8;Наталья;Головина;Михайловна
1941831f-1f98-11e3-93f5-0025909b4cd8;Сергей;Мальцев;Иванович
54abcd1e-2129-11e3-93f5-0025909b4cd8;Владимир;Горяинов;Петрович
992ddaa5-34ca-11e3-93f5-0025909b4cd8;Николай;Галищев;Валентинович
d51d0ea8-3af3-11e3-93f5-0025909b4cd8;Владимир;Бавыкин;Викторович
661e5481-4076-11e3-93f5-0025909b4cd8;Галина;Анокина;Викторовна
528959d4-4079-11e3-93f5-0025909b4cd8;Нина;Брыткова;Федоровна
cd314685-407f-11e3-93f5-0025909b4cd8;Людмила;Козлова;Адамовна
f50f475e-407f-11e3-93f5-0025909b4cd8;Наталья;Ловчакова;Анатольевна
0ec1f503-4081-11e3-93f5-0025909b4cd8;Клавдия;Резникова;Ивановна
2abf489b-ea0b-11e2-93f6-001e67590c02;Арнольд;Плотников;Николаевич
979e998f-eb01-11e2-93f6-001e67590c02;Андрей;Дураков;Владимирович
e70fd38c-aba3-11e4-93f6-001e67994b5e;Сергей;Тундыков;Михайлович
7785dd56-4dd2-11e3-93f6-0025909b4cd8;Сергей;Медведев;Егорович
32ae4265-5b19-11e3-93f6-0025909b4cd8;Дмитрий;Быканов;Владимирович
ea8667d1-a067-11e4-93f7-001e67590bff;Светлана;Белотелова;Игоревна
30c2fa94-1912-11e3-93f8-001e67590c02;Игорь;Рябов;Михайлович
52206f3d-1c61-11e3-93f8-001e67590c02;Елена;Кулешова;Николаевна
23cc1282-1c74-11e3-93f8-001e67590c02;Любовь;Листопад;Ивановна
0e2183c3-25b9-11e3-93f8-001e67590c02;Евгений;Кочетов;Сергеевич
481adbe0-46ad-11e3-93f9-001e67590c02;Елена;Антоненко;Михайловна
25877c1e-bd8f-11e4-93fa-001e67590bff;Дмитрий;Черноморец;Владимирович
8afa4e8f-6df8-11e3-93fb-0025909b4cd8;Нина;Штуберт;Александровна
8afa4e90-6df8-11e3-93fb-0025909b4cd8;Андрей;Никулин;Владимирович
8afa4e9f-6df8-11e3-93fb-0025909b4cd8;Николай;Селюков;Иванович
8afa4ea3-6df8-11e3-93fb-0025909b4cd8;Максим;Добросоцкий;Николаевич
10ccad95-c97b-11e4-93fc-001e67590bff;Максим;Михолап;Михайлович
2cf60010-c169-11e4-93fc-001e67994b5e;Сергей;Черкашин;Алексеевич
95ad907c-7123-11e3-93fc-0025909b4cd8;Михаил;Кириченко;Алексеевич
07e69f81-7930-11e3-93fc-0025909b4cd8;Евгений;Сасин;Алексеевич
84d36a0a-c6f9-11e4-93fd-001e67994b5e;Юрий;Грицаев;Владимирович
bed20a3a-8a3d-11e3-93fd-0025909b4cd8;Александр;Быканов;Николаевич
8998ab71-7cdf-11e3-93ff-001517c22bdd;Эдуард;Азаров;Александрович
5d95029f-7cfa-11e3-93ff-001517c22bdd;Александр;Банных;Иванович
f078dfa7-7cfa-11e3-93ff-001517c22bdd;Гаянэ;Бабаян;Жораевна
7b9fb9ce-7cfe-11e3-93ff-001517c22bdd;Александр;Батурин;Алексеевич
da351cba-7d04-11e3-93ff-001517c22bdd;Михаил;Белоусов;Васильевич
30f50fc1-7d07-11e3-93ff-001517c22bdd;Юрий;Боев;Иванович
4faa3710-7d0f-11e3-93ff-001517c22bdd;Анатолий;Брусенский;Александрович
f1420cfe-7d18-11e3-93ff-001517c22bdd;Михаил;Васюнин;Алексеевич
1ea20fbd-81af-11e3-93ff-001517c22bdd;Юрий;Дедин;Иванович
a84e2894-8281-11e3-93ff-001517c22bdd;Александр;Ермолов;Анатольевич
00cf673a-8282-11e3-93ff-001517c22bdd;Александр;Ермолов;Иванович
83875b67-8283-11e3-93ff-001517c22bdd;Петр;Ермолов;Анатольевич
9bf31bef-828a-11e3-93ff-001517c22bdd;Александр;Захаров;Васильевич
65566033-828d-11e3-93ff-001517c22bdd;Петр;Зиньков;Александрович
e49524c2-828d-11e3-93ff-001517c22bdd;Андрей;Золотаренко;Сергеевич
d9117bb8-871e-11e3-93ff-001517c22bdd;Иван;Медведев;Яковлевич
b96db8e0-8726-11e3-93ff-001517c22bdd;Татьяна;Митяева;Алексеевна
620100f5-8742-11e3-93ff-001517c22bdd;Александр;Минаков;Анатольевич
e52d5c2f-88bb-11e3-93ff-001517c22bdd;Николай;Никулин;Валентинович
d41bfeb6-88d0-11e3-93ff-001517c22bdd;Владимир;Орехов;Михайлович
91ec872a-8965-11e3-93ff-001517c22bdd;Юрий;Пашков;Сергеевич
4b556840-8967-11e3-93ff-001517c22bdd;Виталий;Першин;Николаевич
2f47f289-8968-11e3-93ff-001517c22bdd;Александр;Пирожков;Михайлович
174bf76b-8975-11e3-93ff-001517c22bdd;Иван;Попаз;Иванович
6d15ef5d-8e48-11e3-93ff-001517c22bdd;Владимир;Сергеев;Иванович
86a266f7-8e5c-11e3-93ff-001517c22bdd;Александр;Симонов;Иванович
e24884af-8ee7-11e3-93ff-001517c22bdd;Андрей;Съедин;Александрович
6cf701a2-8ef5-11e3-93ff-001517c22bdd;Игорь;Ткаченко;Васильевич
6a9e0f85-8ef8-11e3-93ff-001517c22bdd;Иван;Ткаченко;Васильевич
61545e1d-8efa-11e3-93ff-001517c22bdd;Владимир;Толмачев;Николаевич
cb476bd6-8f18-11e3-93ff-001517c22bdd;Виктор;Фастов;Васильевич
e07ec6f0-8f1a-11e3-93ff-001517c22bdd;Юрий;Филатов;Вячеславович
65801b6b-8f22-11e3-93ff-001517c22bdd;Виктор;Чаплыгин;Леонидович
466e69a1-8f25-11e3-93ff-001517c22bdd;Николай;Черкасов;Викторович
f5af6a23-939e-11e3-93ff-001517c22bdd;Людмила;Шатохина;Ивановна
926a07cf-8cb6-11e3-93ff-001e67590c02;Иван;Субачев;Игоревич
86106c67-b0fc-11e3-93ff-0025909b4cd8;Андрей;Головко;Федорович
543719a3-c6f8-11e3-93ff-0025909b4cd8;Александр;Кобелев;Федорович
4e98146e-ced8-11e3-93ff-0025909b4cd8;Светлана;Захарова;Ивановна
04247349-ced9-11e3-93ff-0025909b4cd8;Виталий;Валяев;Иванович
5d8b3e36-db6b-11e3-93ff-0025909b4cd8;Наталья;Поленяка;Васильевна
3f7fc222-f55f-11e3-9400-001e679ff8d3;Евгений;Горишняков;Александрович
a1f2aa77-ed82-11e3-9400-0025909b4cd8;Ольга;Маслова;Николаевна
dce1aefd-adc3-11e3-9401-001517c22bdd;Андрей;Сергеев;Сергеевич
6867c6c9-adc4-11e3-9401-001517c22bdd;Владимир;Заболотский;Сергеевич
4f530088-af66-11e3-9401-001e67590c01;Евгений;Шуваев;Анатольевич
c875c7ea-fc59-11e3-9401-0025909b4cd8;Ирина;Тесля;Александровна
ff434272-eadb-11e3-9404-001e67590c02;Сергей;Мерзликин;Николаевич
7056c3eb-ebaf-11e3-9404-001e67590c02;Сергей;Логвинов;Викторович
53537581-f1f8-11e3-9405-001517c22bdd;Владислав;Павленко;Валерьевич
907cc482-2c74-11e4-9408-001e679ff8d3;Владимир;Будяков;Владимирович
dfe2d81e-2e79-11e4-9408-001e679ff8d3;Ирина;Бахматова;Владимировна
a6db29e8-3f33-11e4-9408-001e679ff8d3;Владимир;Тимошенко;Николаевич
5a73be54-fdcc-11e3-9409-001517c22bdd;Юрий;Карнаухих;Николаевич
0a9110d6-4e11-11e4-9409-001e679ff8d3;Ирина;Князева;Владимировна
05202fae-ef4d-11e6-940d-001e679ff8d3;Алексей;Накостик;Сергеевич
a72e02e2-221c-11e4-940e-001517c22bdd;Сергей;Булгаков;Александрович
b070ab75-229d-11e4-940e-001517c22bdd;Татьяна;Наумова;Ивановна
14dd2ca1-2849-11e4-940e-001517c22bdd;Владимир;Чадымов;Михайлович
796db302-380c-11e4-9410-001517c22bdd;Татьяна;Гридасова;Александровна
cec93cec-a13b-11e4-9413-001517c22bdd;Сергей;Губка;Александрович
3c130247-97f9-11e5-9414-001e67994b5e;Михаил;Ефимов;Алексеевич
98933adb-2711-11e5-9419-001e67590bff;Денис;Мищенко;Николаевич
15048c71-427b-11e5-9419-001e67590bff;Дмитрий;Лазарев;Юрьевич
2c98e0a6-2384-11e7-9419-001e679ff8d3;Павел;Яцюк;Иванович
5ba8a7a0-f95f-11e4-941b-001517c22bdd;Александр;Созоненко;Витальевич
a7bb8ff9-4d54-11e5-941b-001e67590bff;Антон;Матвейчук;Юрьевич
4e987a33-4fbe-11e5-941b-001e67590bff;Анна;Литвинова;Геннадьевна
88aaa2c6-725f-11e5-941c-001e67590bff;Вагиф;Эминов;Вахид Оглы
1263480c-b7fe-11e4-941c-001e679ff8d3;Сергей;Тельной;Петрович
efe8c9c4-2865-11e4-941c-0025909b4cd8;Мария;Григоревская;Анатольевна
3e35d344-086e-11e5-941d-001517c22bdd;Алексей;Колтунов;Викторович
2dc033fd-2097-11e5-941d-001517c22bdd;Николай;Звягинцев;Михайлович
11af71a6-2703-11e5-941d-001517c22bdd;Мария;Яровая;Николаевна
cb58d6fc-ad44-11e5-941d-001e67994b5e;Галина;Федорова;Николаевна
ea2ec3ca-4997-11e5-941f-001517c22bdd;Андрей;Рык;Павлович
0ea4a08e-5d10-11e5-9420-001517c22bdd;Дмитрий;Шевченко;Михайлович
6022c829-d3c1-11e5-9421-001e67994b5e;Алексей;Зуб;Алексеевич
ebe73b84-daef-11e5-9422-001e67994b5e;Сахиб;Байрамов;Захид оглы
907e770f-3d8b-11e4-9423-0025909b4cd8;Александр;Ферапонтов;Николаевич
d3963922-eb6a-11e5-9424-001e67994b5e;Сергей;Зимовин;Васильевич
7979273c-fcc1-11e5-9424-001e67994b5e;Юрий;Воронин;Михайлович
e6885e3e-c0f1-11e5-9426-001517c22bdd;Андрей;Титов;Николаевич
d9696460-58ae-11e7-9426-001e679ff8d3;Андрей;Бибик;Владимирович
94a8f4f3-47b2-11e4-9426-0025909b4cd8;Сергей;Боровской;Михайлович
f40a93ec-263e-11e6-9427-001e67994b5e;Иван;Демонов;Николаевич
a0ccd584-39d2-11e6-9429-001e67994b5e;Эдуард;Акопян;Ширинович
55d6e71a-71e4-11e7-9429-001e679ff8d3;Сергей;Федурин;Викторович
1bd8a22f-d9ed-11e4-942a-001e679ff8d3;Кристина;Михалкина;Анатольевна
280ef227-1049-11e6-942b-001517c22bdd;Сергей;Буханцов;Васильевич
68dd71ff-5dbf-11e4-942b-0025909b4cd8;Надежда;Редька;Сергеевна
c194c76c-8f4d-11e4-9431-0025909b4cd8;Павел;Зажарский;Анатольевич
eb82b3f1-dc5b-11e5-9436-001e67590bff;Сергей;Игнатенко;Сергеевич
2ed0800c-ab9d-11e4-943e-0025909b4cd8;Александр;Стрябков;Иванович
7a09b761-0564-11e6-943f-001e67590bff;Валентина;Антоненко;Петровна
a569b0a0-1650-11e5-943f-001e679ff8d3;Дмитрий;Дегтярев;Александрович
ce5a9df1-0dd0-11e6-9441-001e67590bff;Сергей;Съедин;Васильевич
e44cb4f4-0eb5-11e6-9441-001e67590bff;Дмитрий;Красильников;Андреевич
2854288f-0e02-11e7-9448-001e67994b5e;Николай;Побединский;Петрович
2c1d5a55-1316-11e8-9449-001e679ff8d3;Наталья;Яровая;Юрьевна
d29da374-5aca-11e6-944a-001e67590bff;Сергей;Крюков;Михайлович
11f2a6fe-cbd8-11e4-944c-0025909b4cd8;Александр;Осипенко;Анатольевич
ff1c94da-c08b-11e8-944c-0025909bc517;Ирина;Таранова;Юрьевна
df43bc29-c6d4-11e8-944c-0025909bc517;Алексей;Чернышев;Александрович
bb2a4c77-c704-11e8-944c-0025909bc517;Татьяна;Иващенко;Юрьевна
5863fbdd-cb8c-11e8-944c-0025909bc517;Николай;Мазикин;Анатольевич
0e917ce0-cbb5-11e8-944c-0025909bc517;Александр;Резник;Владимирович
443ee488-cd1f-11e8-944c-0025909bc517;Руслан;Фомин;Владимирович
27b6b2bf-d2da-11e8-944d-0025909bc517;Алексей;Батулин;Анатольевич
bc9df324-d379-11e8-944d-0025909bc517;Анна;Антипова;Геннадьевна
306a6dd8-d13d-11e4-944e-0025909b4cd8;Александр;Верстов;Пантелеймонович
bd38be45-d75e-11e8-944f-0025909bc517;Анастасия;Сенина;Сергеевна
2315650c-dd9c-11e8-944f-0025909bc517;Максим;Терновой;Юрьевич
69e8af7d-dd9e-11e8-944f-0025909bc517;Ирина;Матухно;Андреевна
6e54d3f7-e195-11e8-944f-0025909bc517;Дмитрий;Жуков;Александрович
e92e52ed-e292-11e8-944f-0025909bc517;Анастасия;Темченко;Юрьевна
1a284407-e296-11e8-944f-0025909bc517;Сергей;Кузьминых;Сергеевич
3fb962c0-e41c-11e8-944f-0025909bc517;Илья;Трифонов;Александрович
e9c6c421-3957-11e8-9450-001e679ff8d3;Владимир;Николаенко;Анатольевич
6441f29a-e721-11e8-9450-0025909bc517;Евгения;Рябцева;Сергеевна
e3358b84-e722-11e8-9450-0025909bc517;Алина;Ефричева;Сергеевна
67fd8126-e737-11e8-9450-0025909bc517;Антон;Евдокимов;Алексеевич
0f9fdbd1-e8ab-11e8-9450-0025909bc517;Алексей;Егоров;Николаевич
1311ff39-ebd9-11e8-9450-0025909bc517;Михаил;Стадников;Николаевич
74da2091-ec05-11e8-9450-0025909bc517;Татьяна;Парыгина;Викторовна
99edb7b2-f6e0-11e8-9450-0025909bc517;Ирина;Галищева;Валентиновна
82de7697-f6f0-11e8-9450-0025909bc517;Иван;Глотов;Андреевич
f204f994-f6f2-11e8-9450-0025909bc517;Екатерина;Арлашкина;Игоревна
6429d41c-f6f7-11e8-9450-0025909bc517;Антемыркан;Бетуганов;Анатольевич
2287329b-f6f8-11e8-9450-0025909bc517;Светлана;Рожкова;Яковлевна
91e63cbf-f787-11e8-9450-0025909bc517;Роман;Дмитренко;Евгеньевич
12b88398-f794-11e8-9450-0025909bc517;Андрей;Цуканов;Владимирович
f9c8d34c-f922-11e8-9450-0025909bc517;Дмитрий;Коваленко;Валентинович
9183c08e-fa05-11e8-9450-0025909bc517;Денис;Хохлов;Геннадьевич
3fee9214-fd04-11e8-9450-0025909bc517;Лариса;Середенко;Викторовна
f1faba69-037f-11e9-9451-0025909bc517;Ирина;Таранова;Михайловна
c540ae32-038c-11e9-9451-0025909bc517;Екатерина;Сопина;Леонидовна
d7947f3f-04e8-11e9-9451-0025909bc517;Инна;Лазарева;Васильевна
9958e6ed-17de-11e9-9451-0025909bc517;Виктория;Олейник;Александровна
6306ad5c-1edd-11e9-9451-0025909bc517;Александр;Мозговой;Сергеевич
e84d64fa-2396-11e9-9454-0025909bc517;Анна;Сарвир;Валерьевна
fb8d46aa-23ca-11e9-9454-0025909bc517;Николай;Шиянов;Николаевич
6176026e-2881-11e9-9454-0025909bc517;Александр;Чаплыгин;Михайлович
78b19ccb-302f-11e9-9454-0025909bc517;Лилия;Лазарева;Ивановна
d3c410ed-3102-11e9-9454-0025909bc517;Семён;Бацуев;Николаевич
c0427a9a-337d-11e9-9454-0025909bc517;Татьяна;Борицкая;Павловна
e7a07192-3412-11e9-9454-0025909bc517;Александр;Фарафонов;Владимирович
4610087a-3420-11e9-9454-0025909bc517;Елена;Рудковская;Петровна
a72a9961-35cf-11e9-9454-0025909bc517;Гусейн;Гусейнов;Халаддин оглы
972b2220-369b-11e9-9454-0025909bc517;Андрей;Матрашилов;Иванович
56293822-3992-11e9-9454-0025909bc517;Евгений;Мазенков;Вячеславович
3367deb0-39b6-11e9-9454-0025909bc517;Ирина;Колесникова;Александровна
d857007c-39bd-11e9-9454-0025909bc517;Камила;Ахмедова;Александровна
f0db78dd-40b2-11e9-9454-0025909bc517;Татьяна;Бакаева;Алексеевна
0b75249c-4571-11e9-9455-0025909bc517;Ирина;Бойко;Сергеевна
c583db38-494d-11e9-9455-0025909bc517;Юрий;Осовин;Юрьевич
968c9a12-4959-11e9-9455-0025909bc517;Георгий;Фетку;Георгиевич
49ae9dab-4962-11e9-9455-0025909bc517;Виталий;Гузиёв;Александрович
7062590a-4a10-11e9-9455-0025909bc517;Наталья;Миронова;Михайловна
edcc3bc7-4b0e-11e9-9455-0025909bc517;Ксения;Солодухина;Сергеевна
64eda87e-4f9b-11e9-9455-0025909bc517;Виктория;Лобынцева;Анатольевна
fd1aba8a-4fbe-11e9-9455-0025909bc517;Виталий;Тетерятник;Николаевич
24c581ca-4fd5-11e9-9455-0025909bc517;Анна;Рогова;Юрьевна
1d80ceca-4fd7-11e9-9455-0025909bc517;Зилфугар;Халилов;Музафарович
18eee29c-4fdb-11e9-9455-0025909bc517;Евгений;Павлов;Николаевич
c45ee7fd-5065-11e9-9455-0025909bc517;Армен;Чахалян;Андраникович
d8890ec1-5512-11e9-9455-0025909bc517;Владимир;Кравченко;Николаевич
2a202403-5519-11e9-9455-0025909bc517;Виктор;Коротун;Николаевич
fab575ae-5774-11e9-9455-0025909bc517;Александр;Заболотский;Павлович
226ad13b-5a10-11e9-9455-0025909bc517;Светлана;Малюта;Васильевна
c1dc833a-5b74-11e9-9455-0025909bc517;Инна;Авдулина;Георгиевна
d97be754-5c68-11e9-9455-0025909bc517;Наталья;Трапезникова;Геннадьевна
103c0df4-5cfd-11e9-9455-0025909bc517;Надежда;Цыганенко;Юрьевна
fddc95bb-5d05-11e9-9455-0025909bc517;Элман;Казымов;Юсуб Оглы
18e664f9-5d1a-11e9-9455-0025909bc517;Татьяна;Колесник;Андреевна
de48b48d-5d25-11e9-9455-0025909bc517;Ольга;Гришанина;Сергеевна
2c95abea-5f50-11e9-9455-0025909bc517;Татьяна;Рязанцева;Анатольевна
ff54658d-5f53-11e9-9455-0025909bc517;Владимир;Петров;Юрьевич
c871a86d-60e6-11e9-9455-0025909bc517;Владимир;Кысиль;Викторович
c1d794c1-64da-11e9-9456-0025909bc517;Мурад;Дамуралиев;Ахматович
7f58baed-65a0-11e9-9456-0025909bc517;Денис;Рогов;Сергеевич
f7030c47-65ba-11e9-9456-0025909bc517;Александр;Малыхин;Александрович
daadb302-6696-11e9-9456-0025909bc517;Инна;Лис;Васильевна
a576948c-66a1-11e9-9456-0025909bc517;Алексей;Бабынин;Иванович
3893249f-6718-11e9-9456-0025909bc517;Сергей;Бережной;Викторович
f31d06ef-6823-11e9-9456-0025909bc517;Владимир;Ткаченко;Анатольевич
b6310154-6a80-11e9-9456-0025909bc517;Евгения;Кучева;Юрьевна
a1cfc203-7089-11e9-9456-0025909bc517;Вячеслав;Бурлаков;Юрьевич
dfb113dd-70d6-11e9-9456-0025909bc517;Александр;Гринимеер;Станиславович
e764cf46-755d-11e9-9456-0025909bc517;Анастасия;Любавина;Евгеньевна
69151e1c-7650-11e9-9456-0025909bc517;Константин;Чернышев;Анатольевич
df7da1a5-76dd-11e9-9456-0025909bc517;Наталия;Полунина;Эдуардовна
f8108795-76de-11e9-9456-0025909bc517;Алексей;Васильев;Иванович
94b5a984-7adc-11e9-9456-0025909bc517;Екатерина;Гранкина;Дмитриевна
196858ae-7bd2-11e9-9456-0025909bc517;Катерина;Пилюгина;Андреевна
452ec937-7bde-11e9-9456-0025909bc517;Наталья;Таваралиева;Вячеславовна
f58f1577-7c4f-11e9-9456-0025909bc517;Леонид;Кирсанов;Юрьевич
34830a72-7c98-11e9-9456-0025909bc517;Валерий;Кудрявцев;Анатольевич
3d7beb2f-7ca1-11e9-9456-0025909bc517;Вадим;Дмитриев;Алексеевич
e06e386d-804b-11e9-9456-0025909bc517;Илья;Панин;Сергеевич
07d965d9-8121-11e9-9456-0025909bc517;Евгений;Гонтаренко;Анатольевич
d739b4ad-8121-11e9-9456-0025909bc517;Евгения;Маркина;Владимировна
0c8f8405-8139-11e9-9456-0025909bc517;Алексей;Хисматулин;Владимирович
31608ba0-85f4-11e9-9456-0025909bc517;Андрей;Зазнобин;Анатольевич
6e9964bd-8691-11e9-9456-0025909bc517;Анна;Макеева;Борисовна
b09c6f1c-8692-11e9-9456-0025909bc517;Владимир;Скибин;Михайлович
89aa25fe-876b-11e9-9456-0025909bc517;Нелли;Солгалова;Артуровна
2842cce2-884d-11e9-9456-0025909bc517;Альбина;Капустина;Вадимовна
b22b78ca-8933-11e9-9456-0025909bc517;Сергей;Воронин;Викторович
7c6af272-8db9-11e9-9456-0025909bc517;Евгений;Морозов;Александрович
61619427-1f50-11e7-9457-001e67994b5e;Юрий;Захаров;Сергеевич
c5d5b2ce-8e83-11e9-9457-0025909bc517;Анна;Носова;Александровна
1e1f3cbc-9117-11e9-9457-0025909bc517;Сергей;Самарин;Михайлович
d9d0ab4f-93e8-11e9-9458-0025909bc517;Богдан;Яковлев;Юрьевич
b1b28106-9437-11e9-9458-0025909bc517;Дарья;Анисимова;Сергеевна
ed13e1ad-9646-11e9-9458-0025909bc517;Александр;Фоминых;Викторович
a99996ab-9670-11e9-9458-0025909bc517;Роман;Якшин;Андреевич
82645c10-9689-11e9-9458-0025909bc517;Виктор;Алипин;Алексеевич
34a19bf8-9730-11e9-9458-0025909bc517;Виктория;Алейник;Александровна
f8f51710-9733-11e9-9458-0025909bc517;Роман;Носенко;Олегович
2c66f6ec-9751-11e9-9458-0025909bc517;Юлия;Гончарова;Александровна
f65ea861-9978-11e9-9458-0025909bc517;Алла;Пантова;Николаевна
7e830d99-9bda-11e9-9458-0025909bc517;Ирина;Дедова;Сергеевна
92f91003-9bdf-11e9-9458-0025909bc517;Ольга;Стрибань;Альбертовна
53ab29e5-9bf4-11e9-9458-0025909bc517;Алексей;Долженко;Николаевич
d597f5ca-9c8b-11e9-9458-0025909bc517;Иван;Гулевский;Васильевич
19d889c8-9c9a-11e9-9458-0025909bc517;Алексей;Семендяев;Владимирович
c6853378-9cab-11e9-9458-0025909bc517;Юрий;Саинчин;Викторович
c975473f-9cbb-11e9-9458-0025909bc517;Руслан;Шахгельдиев;Витальевич
55d632ca-9cbd-11e9-9458-0025909bc517;Лев;Шахгельдиев;Витальевич
c99cdc28-9cbf-11e9-9458-0025909bc517;Сергей;Звягинцев;Анатольевич
455c1c87-9d57-11e9-9458-0025909bc517;Ангелина;Мазур;Юрьевна
f4a3c00d-9d5d-11e9-9458-0025909bc517;Никита;Стрыжаков;Михайлович
28293022-9d6f-11e9-9458-0025909bc517;Виктор;Чурсин;Иванович
f09c3eeb-9f10-11e9-9458-0025909bc517;Юрий;Семенякин;Анатольевич
0cb02e3c-9f11-11e9-9458-0025909bc517;Александр;Пономарёв;Сергеевич
9fd8b8d6-a15f-11e9-9458-0025909bc517;Николай;Поневажев;Иванович
f8f0a20e-a178-11e9-9458-0025909bc517;Алексей;Ляшенко;Юрьевич
28bd85c6-a20f-11e9-9458-0025909bc517;Максим;Азаренко;Николаевич
9e40aa1c-a2e5-11e9-9458-0025909bc517;Иван;Файнов;Павлович
2a0b8c62-a2e9-11e9-9458-0025909bc517;Даниил;Шрамков;Владимирович
48b97b3f-a2ee-11e9-9458-0025909bc517;Людмила;Мартышева;Александровна
9a20f4a4-a39c-11e9-9458-0025909bc517;Елена;Бодрая;Евгеньевна
9c975090-a3c0-11e9-9458-0025909bc517;Сергей;Беляев;Иванович
9f1157d8-a6f0-11e9-9459-0025909bc517;Татьяна;Сидорович;Ивановна
e4b1ac2f-a791-11e9-9459-0025909bc517;Дарья;Ткаченко;Викторовна
cea93b8b-a7cc-11e9-9459-0025909bc517;Анатолий;Фоминых;Викторович
0afa10ef-a7d2-11e9-9459-0025909bc517;Оксана;Маркова;Дмитриевна
d95bbf53-a913-11e9-9459-0025909bc517;Алексей;Коломыцев;Анатольевич
75041538-a930-11e9-9459-0025909bc517;Игорь;Гузеев;Вячеславович
167a33bd-a932-11e9-9459-0025909bc517;Дмитрий;Писарев;Анатольевич
05e70fbc-aa24-11e9-9459-0025909bc517;Артем;Сульдин;Александрович
db921407-ac86-11e9-9459-0025909bc517;Юрий;Дмитриев;Витальевич
321103c0-ac89-11e9-9459-0025909bc517;Наталья;Оревина;Михайловна
3a166110-ac8a-11e9-9459-0025909bc517;Валентин;Мазикин;Александрович
b781de83-ac91-11e9-9459-0025909bc517;Алексей;Трунов;Саидович
20e329ef-ad09-11e9-9459-0025909bc517;Руслан;Шумаков;Леонидович
db5648d7-ad0b-11e9-9459-0025909bc517;Дмитрий;Сидорович;Александрович
2fead8c0-ad1d-11e9-9459-0025909bc517;Владислав;Валяев;Витальевич
10c09e73-addf-11e9-9459-0025909bc517;Дмитрий;Григорьев;Владимирович
e6b6019f-af6c-11e9-9459-0025909bc517;Виталий;Головин;Николаевич
0e22a725-b1cd-11e9-9459-0025909bc517;Петр;Балакирев;Михайлович
2585039c-b2a6-11e9-9459-0025909bc517;Виктория;Гавшина;Олеговна
142d714a-b2d1-11e9-9459-0025909bc517;Петр;Ефанов;Васильевич
6295bc90-d7c8-11e6-945a-001e67590bff;Алексей;Литвинов;Анатольевич
2bcbfad9-b81f-11e9-945a-0025909bc517;Татьяна;Орехова;Сергеевна
665a4da7-b92d-11e9-945a-0025909bc517;Эдуард;Апанасенко;Михайлович
1015f988-be9f-11e9-945a-0025909bc517;Эллина;Чернова;Александровна
25c89aac-beac-11e9-945a-0025909bc517;Александра;Заворотняя;Юрьевна
7190c7ad-c3d7-11e9-945a-0025909bc517;Наталья;Мазурина;Сергеевна
ea06c440-c4aa-11e9-945a-0025909bc517;Наталья;Копейкина;Максимовна
ddfc2ab0-c7ff-11e9-945a-0025909bc517;Юлия;Залесская;Сергеевна
226d4a3f-c8bb-11e9-945b-0025909bc517;Юлия;Липчанская;Сергеевна
ebf2f1d6-ca2c-11e9-945b-0025909bc517;Наталья;Константинова;Викторовна
00b94708-ca3a-11e9-945b-0025909bc517;Маргарита;Кардаш;Александровна
730efc74-cb0c-11e9-945b-0025909bc517;Ильяс;Айдаров;Нурланович
62044333-cd64-11e9-945b-0025909bc517;Александр;Загорцев;Михайлович
5b5676aa-ce4c-11e9-945b-0025909bc517;Оксана;Тарасова;Владимировна
9d584761-ce50-11e9-945b-0025909bc517;Елена;Клочкова;Юрьевна
58fa400f-cfb9-11e9-945b-0025909bc517;Владимир;Чуваков;Анатольевич
8b62da0c-cfc4-11e9-945b-0025909bc517;Дарья;Городова;Владимировна
fb6be6d4-d5ef-11e9-945b-0025909bc517;Юлия;Ермоленко;Викторовна
c01c792e-d60d-11e9-945b-0025909bc517;Александра;Чумаченко;Юрьевна
7f0f0794-d860-11e9-945b-0025909bc517;Осман;Ислямов;Резаевич
1ac4c04b-d91f-11e9-945b-0025909bc517;Валерия;Третьякова;Юрьевна
1ca762d8-026f-11e7-9462-001e67590bff;Алексей;Стрельников;Викторович
0ae88782-1544-11e7-9463-001e67590bff;Илья;Постников;Игоревич
8ed9ec81-1eb6-11e7-9463-001e67590bff;Николай;Токаренко;Николаевич
143d8100-268e-11e7-946a-001e67590bff;Ирина;Тронина;Анатольевна
a97e29d1-30db-11e7-946a-001e67590bff;Андрей;Баландин;Викторович
9e8333f8-63d1-11e8-946a-001e67994b5e;Евгений;Медведев;Сергеевич
2975eae4-67ef-11e8-946a-001e67994b5e;Павел;Тупяков;Викторович
b6f78d1f-834b-11e8-946b-001e67994b5e;Елена;Черкашина;Николаевна
922085c4-8a5b-11e8-946c-001e67994b5e;Дмитрий;Терзи;Андреевич
bb01681a-8b52-11e8-946c-001e679ff8d3;Александр;Бибик;Николаевич
c595b84d-0c45-11e6-946d-001e679ff8d3;Александр;Вернигора;Васильевич
4d16d319-a15c-11e8-946f-001e67994b5e;Александр;Боровской;Стефанович
2b5155d2-c0bc-11e8-9470-001e67994b5e;Юлия;Долгая;Николаевна
87b4ecf5-c0cb-11e8-9470-001e67994b5e;Александр;Гембаржевский;Владимирович
e9a3b88b-c710-11e8-9470-001e67994b5e;Павел;Козолупов;Емельянович
b77ffc27-4be9-11e5-9471-0025909b4cd8;Евгений;Козловский;Николаевич
44094cbc-52db-11e5-9474-0025909b4cd8;Евгений;Горишний;Александрович
b6d0735a-65e6-11e5-9479-0025909b4cd8;Олег;Баландин;Михайлович
89791fbf-c2b9-11e7-947d-001e67590bff;Татьяна;Акбарова;Юрьевна
26c6d3bb-e93c-11e7-948a-001e67590bff;Сергей;Загайнов;
b0b0a344-583e-11e8-9490-001e67590bff;Валентин;Минор;
9c3087e6-a508-11e8-9495-001e67590bff;Наталья;Доронина;Николаевна
d7030247-bdb9-11e5-949b-0025909b4cd8;Роман;Сиротенко;Александрович
b8020f33-e6c5-11e5-94b2-0025909b4cd8;Ольга;Тарасова;Анатольевна
bced108a-ea81-11e5-94b7-0025909b4cd8;Сергей;Кондрак;Андреевич
3a797bea-02e4-11e6-94c1-0025909b4cd8;Сергей;Смоленский;Юрьевич
baaa276d-02f9-11e6-94c1-0025909b4cd8;Андрей;Чумаченко;Николаевич
6db22c41-0636-11e6-94c6-0025909b4cd8;Андрей;Печурин;Анатольевич
e58eb404-1358-11e6-94d3-0025909b4cd8;Анатолий;Костев;Владимирович
93e30ebf-727d-11e2-94d5-c86000c5baea;Светлана;Николаенко;Владимировна
8e1b3cce-1da6-11e6-94d9-0025909b4cd8;Александр;Тяжченко;Федорович
4b08f807-1f27-11e6-94d9-0025909b4cd8;Юлия;Куровская;Николаевна
68048dea-2336-11e6-94dd-0025909b4cd8;Андрей;Ефимцев;Витальевич
3ef94c77-265c-11e6-94e0-0025909b4cd8;Софья;Богачева;Юрьевна
28791693-3c31-11e6-94f5-0025909b4cd8;Сергей;Шеин;Анатольевич
868dc9d3-3c4a-11e6-94f5-0025909b4cd8;Виктор;Хохлов;Иванович
77208c8c-3c50-11e6-94f5-0025909b4cd8;Алексей;Мыськов;Степанович
4cde8d34-3c54-11e6-94f5-0025909b4cd8;Владимир;Виноходов;Валерьевич
5366f4a9-48f5-11e6-9501-0025909b4cd8;Дмитрий;Чернов;Геннадьевич
835a59f8-53de-11e6-950e-0025909b4cd8;Александр;Новиков;Алексеевич
ada793c0-57fc-11e6-9511-0025909b4cd8;Андрей;Щеблыкин;Борисович
5066aaac-5804-11e6-9511-0025909b4cd8;Сергей;Лазарев;Николаевич
fe1d5309-586e-11e6-9511-0025909b4cd8;Мария;Лазарева;Николаевна
414cf2c4-5a41-11e6-9512-0025909b4cd8;Алижон;Баширов;Собирович
57bc9c94-5a43-11e6-9512-0025909b4cd8;Татьяна;Зинченко;Владимировна
b6f04caf-5e4b-11e6-9517-0025909b4cd8;Екатерина;Андриевская;Анатольевна
5735c6f2-6052-11e6-951a-0025909b4cd8;Сергей;Нехац;Юрьевич
c24c8a61-6abf-11e6-951d-0025909b4cd8;Андрей;Бахтин;Николаевич
03791eb4-6acb-11e6-951d-0025909b4cd8;Сергей;Шеховцов;Иванович
0e3abb74-6b77-11e6-951d-0025909b4cd8;Олег;Щеблыкин;Олегович
9b9b70aa-7033-11e6-951e-0025909b4cd8;Александр;Борченко;Александрович
2ff23c88-7442-11e6-951f-0025909b4cd8;Елена;Гончарова;Павловна
eadf77bb-7e5a-11e6-9522-0025909b4cd8;Исмаил;Раджапов;Майилбекович
f4d43baf-7e72-11e6-9522-0025909b4cd8;Сергей;Рязанцев;Анатольевич
4e806787-893f-11e6-9525-0025909b4cd8;Наталья;Вишневская;Васильевна
8c3bf706-895e-11e6-9525-0025909b4cd8;Тариел;Юсубов;Иман оглы
be0b8f3c-9127-11e6-9526-0025909b4cd8;Илья;Максимов;Александрович
4a9e4fe5-913c-11e6-9526-0025909b4cd8;Алексей;Лазарев;Сергеевич
eab16e84-913e-11e6-9526-0025909b4cd8;Ирина;Шеховцова;Ивановна
3e3a326a-91f6-11e6-9526-0025909b4cd8;Светлана;Гридчина;Анатольевна
26eb631c-95f6-11e6-9527-0025909b4cd8;Владимир;Малышев;Викторович
dd8342a7-9b42-11e6-9527-0025909b4cd8;Елена;Лазарева;Владимировна
8325dd3d-a100-11e6-9528-0025909b4cd8;Жанна;Бадирова;Абулфазовна
ddb99ccb-a1bc-11e6-9528-0025909b4cd8;Дмитрий;Исаев;Александрович
85cb681f-a4e5-11e6-9528-0025909b4cd8;Надежда;Корнейчук;Михайловна
c4672c95-a67c-11e6-9528-0025909b4cd8;Владимир;Немцев;Витальевич
1a57b8a9-aa80-11e6-9529-0025909b4cd8;Жанна;Уханёва;Сергеевна
c061c85c-b56d-11e6-952a-0025909b4cd8;Наргиза;Нурдинова;Махаммадовна
cc8520c8-bab9-11e6-952c-0025909b4cd8;Валентина;Морозова;Григорьевна
abc53cf1-c293-11e6-952d-0025909b4cd8;Геннадий;Кострыкин;Юрьевич
f03e7efb-c29d-11e6-952d-0025909b4cd8;Василий;Савченко;Иванович
b107ae4f-c82d-11e6-952f-0025909b4cd8;Надежда;Аркатова;Гавриловна
8a8d547b-cb3f-11e6-952f-0025909b4cd8;Юрий;Акиньшин;Николаевич
efa26245-cc2b-11e6-952f-0025909b4cd8;Евгений;Белоус;Владимирович
8e8248e3-ccdd-11e6-952f-0025909b4cd8;Денис;Рахманин;Николаевич
78b6f46e-dc8f-11e6-9531-0025909b4cd8;Александра;Плехова;Павловна
fea25ffb-de27-11e6-9531-0025909b4cd8;Татьяна;Малышева;Васильевна
8665d2af-df06-11e6-9531-0025909b4cd8;Алена;Хохлова;Игоревна
911eea7c-e3cd-11e6-9532-0025909b4cd8;Алексей;Лазарев;Николаевич
1c0c74c0-e3d5-11e6-9532-0025909b4cd8;Лидия;Шеина;Михайловна
1c3c1577-e788-11e6-9533-0025909b4cd8;Николай;Калашник;Анатольевич
827a7177-e914-11e6-9533-0025909b4cd8;Екатерина;Бакаева;Юрьевна
32c6cf1a-ec79-11e6-9533-0025909b4cd8;Алена;Нестеренко;Владимировна
d2ec82ba-f1ea-11e6-9534-0025909b4cd8;Евгений;Пискунов;Владимирович
1fe735ef-f737-11e6-9534-0025909b4cd8;Евгений;Лазарев;Викторович
491fadc2-f741-11e6-9534-0025909b4cd8;Андрей;Тронин;Леонидович
4c783783-f8d8-11e6-9534-0025909b4cd8;Сергей;Шляхов;Юрьевич
f5555f9f-fd8b-11e6-9534-0025909b4cd8;Эйваз;Гонджаев;Осман оглы
dbb39484-ffe9-11e6-9534-0025909b4cd8;Евгений;Савенков;Владимирович
1e976f33-0248-11e7-9534-0025909b4cd8;Александр;Истомин;Николаевич
feebc3d8-07fb-11e7-9534-0025909b4cd8;Сергей;Пантов;Иванович
51ae71da-0a23-11e7-9535-0025909b4cd8;Андрей;Шахов;Алексеевич
8a3ed8b1-0fbd-11e7-9536-0025909b4cd8;Александр;Васильев;Николаевич
ccb152ed-1def-11e7-9538-0025909b4cd8;Геннадий;Шелкоплясов;Геннадьевич
e65fe860-202b-11e7-9538-0025909b4cd8;Александр;Бугров;Николаевич
46c90ec5-234f-11e7-9539-0025909b4cd8;Вячеслав;Стронин;Викторович
2cd5c943-2378-11e7-9539-0025909b4cd8;Валентина;Махонина;Сергеевна
ec2ec2f8-237d-11e7-9539-0025909b4cd8;Екатерина;Жуковская;Сергеевна
8873ee8d-240e-11e7-9539-0025909b4cd8;Александр;Цапков;Николаевич
7ea2b411-2597-11e7-9539-0025909b4cd8;Сергей;Выродов;Александрович
bbf5293c-25c2-11e7-9539-0025909b4cd8;Елена;Суспицына;Анатольевна
0f09f9d8-28c4-11e7-9539-0025909b4cd8;Виталий;Иванов;Иванович
5ce52cba-30c9-11e7-9539-0025909b4cd8;Сергей;Лазарев;Егорович
44497141-3629-11e7-9539-0025909b4cd8;Фёдор;Стрельцов;Владимирович
ecc0d748-362a-11e7-9539-0025909b4cd8;Василий;Дудоров;Васильевич
a8d951c2-3979-11e7-9539-0025909b4cd8;Валерий;Ушаков;Александрович
514b1074-3b9a-11e7-953a-0025909b4cd8;Сергей;Литвинов;Анатольевич
a3eb536b-3ee2-11e7-953a-0025909b4cd8;Денис;Воронцов;Александрович
aa5328cf-49e9-11e7-953b-0025909b4cd8;Вадим;Арбузов;Николаевич
509ddc27-4a98-11e7-953b-0025909b4cd8;Владимир;Урсул;Владимирович
0682babd-57eb-11e7-953c-0025909b4cd8;Олег;Суспицын;Викторович
436cbe33-5a72-11e7-953c-0025909b4cd8;Елена;Литвиненко;Валерьевна
df6936e7-5b30-11e7-953c-0025909b4cd8;Владимир;Сопин;Александрович
2d3bbb23-5c95-11e7-953c-0025909b4cd8;Сергей;Мозговой;Алексеевич
8f2e0083-609a-11e7-953c-0025909b4cd8;Дмитрий;Муравский;Николаевич
6a9093c0-6225-11e7-953c-0025909b4cd8;Павел;Кононов;Николаевич
35d96eeb-6257-11e7-953d-0025909b4cd8;Дмитрий;Кастерин;Алексеевич
27730cb7-6bc2-11e7-953f-0025909b4cd8;Светлана;Ходячих;Ивановна
e6885730-6e13-11e7-953f-0025909b4cd8;Александр;Выродов;Сергеевич
68417724-7e88-11e7-953f-0025909b4cd8;Александр;Аносов;Сергеевич
c191cb41-8734-11e7-9540-0025909b4cd8;Константин;Назаров;Сергеевич
37f1d45a-8e2b-11e7-9540-0025909b4cd8;Максим;Акканен;Анатольевич
4c488ef9-9928-11e7-9541-0025909b4cd8;Светлана;Гукова;Николаевна
1d6a4542-a200-11e7-9542-0025909b4cd8;Ирина;Носатова;Олеговна
d216f568-a297-11e7-9542-0025909b4cd8;Анастасия;Кременец;Игоревна
9ea76d96-a29c-11e7-9542-0025909b4cd8;Андрей;Митяев;Николаевич
9595dfa2-a4e0-11e7-9543-0025909b4cd8;Михаил;Гурзан;Васильевич
8f8f87ad-a4f3-11e7-9543-0025909b4cd8;Екатерина;Юдина;Сергеевна
45c0f20f-acf9-11e7-9545-0025909b4cd8;Татьяна;Федосеева;Геннадиевна
6df41ebc-b400-11e7-9547-0025909b4cd8;Елена;Эрганова;Сергеевна
86503316-c476-11e7-954b-0025909b4cd8;Евгений;Нелень;Витальевич
f8cc4dba-cdb9-11e7-954f-0025909b4cd8;Сергей;Гончаров;Иванович
0a1249be-d017-11e7-954f-0025909b4cd8;Ольга;Долгова;Петровна
1d1bda66-d4e9-11e7-9550-0025909b4cd8;Юлия;Алтухова;Игоревна
ef2fbe4d-d691-11e7-9550-0025909b4cd8;Дмитрий;Шатохин;Викторович
fe6daecb-de6a-11e7-9552-0025909b4cd8;Павел;Колпиков;Иванович
bba3d963-e3cc-11e7-9553-0025909b4cd8;Сергей;Устинов;Валерьевич
0274bd7d-e499-11e7-9553-0025909b4cd8;Евгений;Смотров;Иванович
48592a96-e56a-11e7-9553-0025909b4cd8;Диана;Гречихина;Александровна
1b150114-e580-11e7-9553-0025909b4cd8;Диана;Кобзаренко;Хановна
ff0d51c6-ec72-11e7-9556-0025909b4cd8;Анатолий;Субботин;Алексеевич
564c0665-ec84-11e7-9556-0025909b4cd8;Ибрагим;Раджапов;Тамалович
46deff72-f6cf-11e7-9558-0025909b4cd8;Александр;Быданов;Викторович
7df287e2-fb4c-11e7-955b-0025909b4cd8;Александр;Кучугура;Викторович
872f1f6f-fcec-11e7-955b-0025909b4cd8;Валентин;Аркатов;Павлович
60e61a34-0663-11e8-955e-0025909b4cd8;Сергей;Самойленко;Сергеевич
558c9496-0a60-11e8-955f-0025909b4cd8;Андрей;Гончаров;Анатольевич
0d7b3112-122d-11e8-9565-0025909b4cd8;Инна;Соловьева;Васильевна
c0220097-12f3-11e8-9565-0025909b4cd8;Элеонора;Ильницкая;Александровна
7d91a12f-154d-11e8-9566-0025909b4cd8;Наталья;Дегтярева;Андреевна
327d08c3-1572-11e8-9568-0025909b4cd8;Сергей;Щеблыкин;Александрович
f74a02f2-16f4-11e8-9568-0025909b4cd8;Ольга;Святун;Михайловна
e24e8580-1aca-11e8-956a-0025909b4cd8;Николай;Толстой;Викторович
0c8c1e56-1c7d-11e8-956a-0025909b4cd8;Татьяна;Билык;Юрьевна
118bea16-21d7-11e8-956e-0025909b4cd8;Владислав;Рахманов;Александрович
55c3e1a7-21de-11e8-956e-0025909b4cd8;Светлана;Рахманова;Васильевна
5b43208a-25e8-11e8-9570-0025909b4cd8;Наталья;Калмыкова;Владимировна
8629f67a-26a7-11e8-9570-0025909b4cd8;Алексей;Верстов;Александрович
774282ec-2b6c-11e8-9575-0025909b4cd8;Оксана;Кострыкина;Николаевна
a85b46b1-2dc5-11e8-9576-0025909b4cd8;Кирилл;Дороганов;Евгеньевич
1422369b-2dc7-11e8-9576-0025909b4cd8;Петр;Антоненко;Сергеевич
46d2a250-30d4-11e8-9576-0025909b4cd8;Ирина;Котова;Александровна
1b23ab27-318f-11e8-9576-0025909b4cd8;Елена;Волошкина;Николаевна
da953ef7-3716-11e8-9580-0025909b4cd8;Сергей;Белов;Валерьевич
b14d563b-37cc-11e8-9580-0025909b4cd8;Анна;Аркатова;Игоревна
78faf73a-43c7-11e8-9584-0025909b4cd8;Александр;Сулим;Викторович
d6379477-4928-11e8-9584-0025909b4cd8;Татьяна;Тихонова;Федоровна
6323f987-494e-11e8-9584-0025909b4cd8;Анна;Клюева;Алексеевна
cca904fd-4abf-11e8-9584-0025909b4cd8;Татьяна;Федорова;Алексеевна
2f52e2b5-4e9a-11e8-9584-0025909b4cd8;Алексей;Колодяжный;Юрьевич
c0348a46-4ece-11e8-9584-0025909b4cd8;Иван;Кощуков;Владимирович
77285fe2-51f4-11e8-9585-0025909b4cd8;Валентин;Коваленко;Анатольевич
85a8edf6-5745-11e8-9589-0025909b4cd8;Александр;Мерзликин;Владимирович
536fe0fe-5752-11e8-9589-0025909b4cd8;Олеся;Мерзликина;Алексеевна
2da33b3b-5fe9-11e8-958b-0025909b4cd8;Александр;Дмитриев;Сергеевич
9508d34a-5ff5-11e8-958b-0025909b4cd8;Сергей;Беспалов;Григорьевич
ba104fc9-5ffd-11e8-958b-0025909b4cd8;Сергей;Дудинских;Васильевич
1a0dd614-624b-11e8-958b-0025909b4cd8;Надежда;Чуприна;Валерьевна
0d26b869-64ab-11e8-958b-0025909b4cd8;Олег;Охрименко;Петрович
5cf67680-64ca-11e8-958b-0025909b4cd8;Максим;Бабиченко;Борисович
6c02a020-6af5-11e8-958c-0025909b4cd8;Марина;Валяева;Владимировна
04fb2b09-7089-11e8-958d-0025909b4cd8;Игорь;Фомин;Викторович
1abb07c6-72d6-11e8-958d-0025909b4cd8;Александр;Совков;Олегович
8df08aa3-72d6-11e8-958d-0025909b4cd8;Анна;Мишина;Владимировна
f1a4948c-7850-11e8-9590-0025909b4cd8;Игорь;Сидорович;Александрович
f2f1c760-8368-11e8-959b-0025909b4cd8;Анна;Плетнева;Ивановна
cd83fdd9-88f4-11e8-95a0-0025909b4cd8;Ася;Бугакова;Александровна
3847568e-8999-11e8-95a0-0025909b4cd8;Сергей;Богдалов;Раисович
48f5c9ba-8f0c-11e8-95a2-0025909b4cd8;Светлана;Нессонова;Александровна
e2717d44-9596-11e8-95a3-0025909b4cd8;Александра;Петрова;Сергеевна
e385ee15-9622-11e8-95a3-0025909b4cd8;Ольга;Кривошей;Игоревна
7b7c594f-9a15-11e8-95a5-0025909b4cd8;Иван;Зуев;Михайлович
e7d37a70-9af2-11e8-95a5-0025909b4cd8;Александр;Селезнев;Николаевич
8b1b898b-9b0f-11e8-95a5-0025909b4cd8;Ольга;Зиманина;Евгеньевна
c6c0ba89-9c9d-11e8-95a7-0025909b4cd8;Георгий;Деев;Иванович
69e02173-9fbf-11e8-95a8-0025909b4cd8;Екатерина;Зенькина;Евгеньевна
0ce93d59-a5d3-11e8-95a9-0025909b4cd8;Светлана;Веденина;Ильинична
bbcdc1da-a5fd-11e8-95a9-0025909b4cd8;Наталья;Жигалова;Сергеевна
1a4bc7ed-a604-11e8-95a9-0025909b4cd8;Артур;Иващенко;Сергеевич
5ac10f08-a605-11e8-95a9-0025909b4cd8;Сергей;Воронов;Иванович
da1f7477-b109-11e8-95ab-0025909b4cd8;Светлана;Арбузова;Сергеевна
4f17a963-b27a-11e8-95ab-0025909b4cd8;Светлана;Харченко;Николаевна
4f7319a7-b4c4-11e8-95ab-0025909b4cd8;Геннадий;Бородатов;Николаевич
eb21c244-b73c-11e8-95ac-0025909b4cd8;Юрий;Морозов;Васильевич
07694105-bb1c-11e8-95b0-0025909b4cd8;Анастасия;Пелешенко;Евгеньевна
0ec2a9ad-bbda-11e8-95b0-0025909b4cd8;Константин;Каргаев;Леонидович
328eda34-7834-11e3-9600-50465da16ffe;Оксана;Гузеева;Мирославовна
4fe1991d-38b6-11e4-9a1c-ac220b293643;Михаил;Маслов;Иванович
542f931d-a8d2-11e2-9d6c-c86000c5baea;Сергей;Бабынин;Дмитриевич
4abf1b97-4f21-11e2-9d88-001517b35d6e;Евгений;Демьяненко;Сергеевич
4abf1b9c-4f21-11e2-9d88-001517b35d6e;Сергей;Немыкин;Николаевич
6e32099d-50af-11e2-9d88-001517b35d6e;Елена;Жданкина;Евгеньевна
c739e185-115a-11e4-9dae-ac220b293643;Алексей;Амелин;Иванович
8e1a3e91-61b9-11e5-9ed4-001b2139786e;Нина;Медведева;Петровна
a6c71f20-cb4d-11e1-9f7e-6cf04949c605;Василий;Малыхин;Иванович
a6c71f53-cb4d-11e1-9f7e-6cf04949c605;Григорий;Тельпук;Григорьевич
b3e4f97c-cc18-11e1-9f7f-6cf04949c605;Вячеслав;Орехов;Николаевич
b3e4f981-cc18-11e1-9f7f-6cf04949c605;Сергей;Нартов;Александрович
b3e4f983-cc18-11e1-9f7f-6cf04949c605;Алексей;Мерзликин;Николаевич
e262d4b5-cc32-11e1-9f7f-6cf04949c605;Николай;Клочков;Иванович
e262d4b9-cc32-11e1-9f7f-6cf04949c605;Юрий;Иевлев;Валентинович
e262d4bd-cc32-11e1-9f7f-6cf04949c605;Николай;Панарин;Иванович
1849fc42-ccb2-11e1-9f80-6cf04949c605;Игорь;Сериков;Петрович
1849fc4c-ccb2-11e1-9f80-6cf04949c605;Михаил;Иевлев;Александрович
66b5fd64-a1f7-11e4-a23d-001b2139786e;Сергей;Канев;Николаевич
e5f5fc8d-ce9b-11e3-a2eb-08606eda01ea;Сергей;Тонких;Алексеевич
15a6bd8d-801e-11e3-a556-50465da16ffe;Сергей;Шкруднев;Александрович
0fcb4785-e796-11e2-a5b0-c86000c5baea;Сергей;Сиденко;Иванович
5b902964-e7ec-11e4-a9e1-001b2139786e;Иван;Маслов;Владимирович
c5d7d05a-e7f9-11e4-a9e1-001b2139786e;Ильдар;Вайвулин;Багирович
413ed74e-caa0-11e3-aaa6-001b2139786e;Игорь;Плахотный;Андреевич
ee0f833e-caf0-11e3-aaa6-001b2139786e;Максим;Бурда;Сергеевич
27f88fdc-8262-11e3-aba1-50465da16ffe;Александр;Ефременко;Иванович
f792cfa4-8e2c-11e3-abd7-c86000c5baea;Сергей;Холоденко;Викторович
c6549ccb-f5df-11e6-af05-001b2139786e;Сергей;Тарабаров;Валерьевич
e56aeab3-b923-11e0-af29-001b217b334c;Ольга;Ладыгина;Александровна
10840aa6-b99d-11e0-af29-001b217b334c;Татьяна;Бабко;Михайловна
10840ab0-b99d-11e0-af29-001b217b334c;Вячеслав;Гребенюк;Анатольевич
10840ada-b99d-11e0-af29-001b217b334c;Евгений;Косенков;Валерьевич
24adf021-b99d-11e0-af29-001b217b334c;Андрей;Чирков;Евгеньевич
2f1004d4-b99d-11e0-af29-001b217b334c;Елена;Данилюк;Александровна
39543135-b99d-11e0-af29-001b217b334c;Игорь;Макаров;Николаевич
433f8f61-b99d-11e0-af29-001b217b334c;Мария;Гридасова;Станиславовна
433f8f83-b99d-11e0-af29-001b217b334c;Анатолий;Заяц;Иосифович
56436b38-b99d-11e0-af29-001b217b334c;Светлана;Матвеева;Николаевна
56436b3a-b99d-11e0-af29-001b217b334c;Владимир;Мерзликин;Владимирович
56436b44-b99d-11e0-af29-001b217b334c;Борис;Минюков;Борисович
5db516c0-b99d-11e0-af29-001b217b334c;Оксана;Подколодная;Леонидовна
5db516e2-b99d-11e0-af29-001b217b334c;Сергей;Сергеев;Владимирович
5db516e4-b99d-11e0-af29-001b217b334c;Александр;Арсеньев;Анатольевич
5db516e6-b99d-11e0-af29-001b217b334c;Нина;Серова;Петровна
6764cb84-b99d-11e0-af29-001b217b334c;Анатолий;Четвериков;Васильевич
6764cb90-b99d-11e0-af29-001b217b334c;Сергей;Шеин;Анатольевич
7bc02118-b99d-11e0-af29-001b217b334c;Николай;Шумов;Иванович
f1e0583e-60cd-11e3-af75-c86000c5baea;Екатерина;Белкина;Григорьевна
d8c7dfda-16b9-11e2-afa3-001517b35d6e;Сергей;Юдин;Викторович
0e1076b4-174f-11e2-afa3-001517b35d6e;Иван;Тышковец;Константинович
176f5daf-9077-11e2-b010-c86000c5baea;Игорь;Юдин;Викторович
5f0c1d5c-9c51-11e2-b010-c86000c5baea;Владимир;Чернышев;Васильевич
1970a7a8-a360-11e2-b02f-001517b35d6e;Юрий;Карпенко;Иванович
1970a7aa-a360-11e2-b02f-001517b35d6e;Владимир;Гончаров;Александрович
2a6894a7-a365-11e2-b02f-001517b35d6e;Евгений;Фетку;Георгиевич
2a6894a8-a365-11e2-b02f-001517b35d6e;Михаил;Селютин;Васильевич
2a6894ab-a365-11e2-b02f-001517b35d6e;Дмитрий;Садиков;Геннадьевич
2a6894ac-a365-11e2-b02f-001517b35d6e;Сергей;Гончаров;Александрович
9ecf1b68-a36b-11e2-b02f-001517b35d6e;Сергей;Горковский;Николаевич
c57d8917-b115-11e1-b038-001e8c86810b;Игорь;Шапошников;Владимирович
c57d891d-b115-11e1-b038-001e8c86810b;Леонид;Макаревич;Константинович
11fb8499-e81c-11e1-b062-001e8c86810b;Борис;Бородатов;Николаевич
fe72f477-f0c2-11e1-b06a-001e8c86810b;Николай;Уваров;Вячеславич
31ea4cb7-4248-11e4-b0de-ac220b293643;Марина;Полуэктова;Ивановна
6cfafaed-644a-11e2-b0df-001e8c86810b;Сергей;Лебедев;Николаевич
d4cee070-a4eb-11e1-b0e1-001517b35d6e;Николай;Руденко;Александрович
5acf3b83-6e7f-11e2-b0ea-001e8c86810b;Сабир;Мустафаев;Нураддинович
d2c723c8-8576-11e2-b101-001e8c86810b;Иван;Лазарев;Егорович
992502b2-9b67-11e2-b111-001e8c86810b;Анна;Полякова;Валентиновна
d1b5304a-a57d-11e2-b120-001e8c86810b;Виталий;Гридчин;Иванович
41541157-c699-11e2-b3d7-001517b35d6e;Елена;Василевская;Викторовна
2a03e6df-cda8-11e2-b3d7-001517b35d6e;Вячеслав;Васин;Сергеевич
2a03e6e2-cda8-11e2-b3d7-001517b35d6e;Антонина;Амелина;Васильевна
a82707b7-8e62-11e8-b3e4-001b2139786e;Олег;Куксин;Сергеевич
c8d260f8-2671-11e6-b493-001b2139786e;Данил;Юрьев;Евгеньевич
85cdbd7f-4445-11e6-b4f1-001b2139786e;Николай;Московченко;Александрович
711042cd-dddf-11e9-b538-0050569a9811;Алексей;Мелешков;Михайлович
520a394e-de15-11e9-b538-0050569a9811;Дарина;Жарова;Эдуардовна
42030a39-df91-11e9-b53c-0050569a9811;Алина;Дворникова;Олеговна
c3880cf9-e031-11e9-b53c-0050569a9811;Валерий;Татаренко;Александрович
9dfc3cd8-e11d-11e9-b53c-0050569a9811;Андрей;Голиусов;Витальевич
80254627-e51a-11e9-b53c-0050569a9811;Андрей;Медведев;Николаевич
c93dfe34-e5b1-11e9-b53c-0050569a9811;Андрей;Шевцов;Николаевич
8461a55a-e5b3-11e9-b53c-0050569a9811;Валентин;Гребенкин;Андреевич
3b8b2eee-e5b6-11e9-b53c-0050569a9811;Татьяна;Чернова;Анатольевна
a17afa46-e5bc-11e9-b53c-0050569a9811;Дмитрий;Зведенюк;Александрович
0c94f170-e5c7-11e9-b53c-0050569a9811;Павел;Миклуш;Сергеевич
5954775a-e900-11e9-b53c-0050569a9811;Владимир;Мордасов;Николаевич
c70098ee-e98b-11e9-b53c-0050569a9811;Алексей;Кулик;Анатольевич
94066a55-e9c9-11e9-b53c-0050569a9811;Евгения;Украинская;Анатольевна
1f668031-ea7b-11e9-b53c-0050569a9811;Наталья;Буга;Ярославовна
6d914e99-ee6d-11e9-b53c-0050569a9811;Владимир;Гридчин;Павлович
63e0ecb4-ee6e-11e9-b53c-0050569a9811;Елена;Погорелова;Владимировна
889109d5-ee6f-11e9-b53c-0050569a9811;Александр;Шевченко;Викторович
17d87d3c-ee8c-11e9-b53c-0050569a9811;Анастасия;Черняева;Васильевна
5f853e36-ef22-11e9-b53c-0050569a9811;Дмитрий;Лукьянчиков;Сергеевич
48c2b9b8-ef41-11e9-b53c-0050569a9811;Николай;Балко;Алексеевич
c869cb8d-ef55-11e9-b53c-0050569a9811;Татьяна;Татарикова;Александровна
5412d6f0-f0b5-11e9-b53c-0050569a9811;Елена;Лопина;Васильевна
50b7c569-f56c-11e9-b53c-0050569a9811;Любовь;Трегубова;Владимировна
2554618d-fada-11e9-b53d-0050569a9811;Интигам;Джалилов;Алмаз оглы
bfdf4a74-ffc1-11e9-b53f-0050569a9811;Евгений;Шашкин;Станиславович
22ba79c6-013b-11ea-b53f-0050569a9811;Елена;Огурцова;Сергеевна
84273592-01fb-11ea-b53f-0050569a9811;Лариса;Пчелинцева;Сергеевна
3f7a98e9-044f-11ea-b53f-0050569a9811;Дмитрий;Смотров;Андреевич
cf626844-052a-11ea-b53f-0050569a9811;Вячеслав;Уваров;Владимирович
0c54f7f0-06c4-11ea-b53f-0050569a9811;Юрий;Гузей;Анатольевич
4c14ee20-06cb-11ea-b53f-0050569a9811;Ольга;Гущина;Сергеевна
3869536a-06d6-11ea-b53f-0050569a9811;Диана;Агафонова;Евгеньевна
a5e7cd23-091d-11ea-b53f-0050569a9811;Алексей;Маматов;Васильевич
5ed052c5-09d1-11ea-b53f-0050569a9811;Анна;Ширина;Юрьевна
08527b58-0cf8-11ea-b53f-0050569a9811;Геннадий;Лактионов;Николаевич
11dd75bc-0cfd-11ea-b53f-0050569a9811;Владислав;Черкашин;Николаевич
f808db3a-12aa-11ea-b53f-0050569a9811;Анастасия;Талтыгина;Сергеевна
08fc17b1-15b9-11ea-b53f-0050569a9811;Алексей;Глебов;Анатольевич
d898644f-15df-11ea-b53f-0050569a9811;Анна;Пономарева;Сергеевна
2421f451-1b26-11ea-b53f-0050569a9811;Александр;Тарасов;Петрович
f10b7c11-1ce0-11ea-b53f-0050569a9811;Римма;Мелузова;Руфгатовна
44c70aa4-8043-11e8-b540-001b2139786e;Иван;Игнатьев;Юрьевич
110b2d7e-20a0-11ea-b540-0050569a9811;Юрий;Квочка;Викторович
f8fc231e-2182-11ea-b540-0050569a9811;Марина;Квочка;Анатольевна
a0972617-224d-11ea-b540-0050569a9811;Нуру;Эюбов;Гараджа
f77a6f71-2305-11ea-b540-0050569a9811;Виктория;Харыбина;Вячеславовна
a0d09b45-2324-11ea-b540-0050569a9811;Елена;Теплова;Вячеславовна
c19265de-232b-11ea-b540-0050569a9811;Тамара;Суворова;Владимировна
50637fd8-27e3-11ea-b541-0050569a9811;Юлия;Корякина;Сергеевна
4fbffcff-3370-11ea-b541-0050569a9811;Виктор;Доманов;Николаевич
af6ba0b4-3b4e-11ea-b547-0050569a9811;Татьяна;Плаксина;Алексеевна
a22df58d-3c39-11ea-b547-0050569a9811;Надежда;Савина;Сергеевна
18104984-3c54-11ea-b547-0050569a9811;Евгений;Дмитриев;Александрович
3a75548a-3eac-11ea-b547-0050569a9811;Евгения;Суркова;Олеговна
9d88ca7c-429b-11ea-b547-0050569a9811;Светлана;Шамей;Евгеньевна
a09c927f-42a9-11ea-b547-0050569a9811;Надежда;Федорищева;Александровна
7bc7bfb7-4597-11ea-b547-0050569a9811;Анна;Макарова;Георгиевна
ab970932-465b-11ea-b547-0050569a9811;Николай;Богоцкой;Алексеевич
633ccbea-4bd4-11ea-b547-0050569a9811;Максим;Агаев;Игоревич
73a9b29c-4ca1-11ea-b547-0050569a9811;Ирина;Пономаренко;Сергеевна
993c1ea9-4cc2-11ea-b547-0050569a9811;Сергей;Афанасьев;Васильевич
978770a4-4eea-11ea-b547-0050569a9811;Дмитрий;Ершов;Анатольевич
bbfc1bce-4f1c-11ea-b547-0050569a9811;Андрей;Анохин;Игоревич
806c90a4-5151-11ea-b547-0050569a9811;Сергей;Чернов;Алексеевич
46bc51d0-515c-11ea-b547-0050569a9811;Дарья;Аникеева;Сергеевна
5ca356c8-5236-11ea-b547-0050569a9811;Роман;Калугин;Александрович
357ea10d-52e5-11ea-b547-0050569a9811;Николай;Герасимов;Валентинович
fbd0b804-54b2-11ea-b547-0050569a9811;Сергей;Ерыгин;Николаевич
7be5c320-579f-11ea-b547-0050569a9811;Андрей;Гаврилов;Александрович
f9dbdb3f-5a25-11ea-b548-0050569a9811;Любовь;Степаненко;Михайловна
fc87763a-5c49-11ea-b548-0050569a9811;Екатерина;Морозик;Юрьевна
92d66c6b-5c77-11ea-b548-0050569a9811;Михаил;Умников;Михайлович
5271ba9e-5d1b-11ea-b548-0050569a9811;Андрей;Бочарников;Семенович
307d50b2-5d4c-11ea-b548-0050569a9811;Ниджат;Казымов;Закрайыл оглы
4310547c-5e26-11ea-b548-0050569a9811;Сергей;Аслямов;Гаетханович
89f6ea37-62a1-11ea-b548-0050569a9811;Андрей;Смотров;Александрович
7206d436-62b3-11ea-b548-0050569a9811;Надежда;Аркатова;Владимировна
49948255-6434-11ea-b548-0050569a9811;Инна;Починко;Федоровна
fc2cf0cc-644e-11ea-b548-0050569a9811;Егор;Киселев;Олегович
e4ac7646-6752-11ea-b549-0050569a9811;Алексей;Горохов;Васильевич
9aa85694-6757-11ea-b549-0050569a9811;Сергей;Молчанов;Николаевич
118e0183-690d-11ea-b549-0050569a9811;Анастасия;Умникова;Юрьевна
80de6bae-69b0-11ea-b549-0050569a9811;Екатерина;Вашева;Сергеевна
2ca5832e-69bd-11ea-b549-0050569a9811;Людмила;Кройтор;
d1617db7-6c0d-11ea-b549-0050569a9811;Вероника;Петрова;Игоревна
ac533ab0-6ce7-11ea-b549-0050569a9811;Гульминаз;Сайидова;Махаммадовна
468da5e8-6f2a-11ea-b549-0050569a9811;Виталий;Стручаев;Васильевич
d7c9ba99-6f4d-11ea-b549-0050569a9811;Андрей;Зацепин;Васильевич
1f740e27-6ff9-11ea-b549-0050569a9811;Алексей;Моргунов;Александрович
aa717991-7006-11ea-b549-0050569a9811;Ольга;Пинаева;Михайловна
ffee5374-7275-11ea-b54a-0050569a9811;Василий;Самострол;Николаевич
57dcab7e-732a-11ea-b54a-0050569a9811;Евгений;Рыжков;Владимирович
b312eb75-735f-11ea-b54a-0050569a9811;Ольга;Кириенко;Борисовна
70438924-73fb-11ea-b54a-0050569a9811;Оксана;Болотских;Владимировна
0d096bac-74d2-11ea-b54a-0050569a9811;Алексей;Гончаров;Андреевич
0265d425-74e9-11ea-b54a-0050569a9811;Денис;Игумин;Юрьевич
521552fe-74f2-11ea-b54a-0050569a9811;Анастасия;Морозова;Анатольевна
df3c971d-7a53-11ea-b54a-0050569a9811;Надежда;Жукова;Алексеевна
6e610bc7-7b00-11ea-b54a-0050569a9811;Виктор;Пшеничных;Петрович
8decac52-7d66-11ea-b54a-0050569a9811;Максим;Давлетгильдинов;Рашитович
c0a6e3e2-7efa-11ea-b54a-0050569a9811;Ирина;Лебединская;Викторовна
11991ef9-808a-11ea-b54a-0050569a9811;Яна;Нагирняк;Николаевна
d337d910-80b4-11ea-b54a-0050569a9811;Ирина;Норцова;Николаевна
bebfb5e7-839d-11ea-b54a-0050569a9811;Антонио;Гороте-Идальго;Николаевич
af4543f5-83dc-11ea-b54a-0050569a9811;Алёна;Тимохина;Сергеевна
c3ca2a0a-8539-11ea-b54a-0050569a9811;Петр;Попиль;Васильевич
7a4d1382-854b-11ea-b54a-0050569a9811;Валентина;Лысенко;Ивановна
84c424de-8559-11ea-b54a-0050569a9811;Виктория;Ефимова;Викторовна
1c0cceef-8564-11ea-b54a-0050569a9811;Валентина;Акиньшина;Ивановна
dce9391b-860d-11ea-b54a-0050569a9811;Александр;Польшиков;Сергеевич
85416a4c-8621-11ea-b54a-0050569a9811;Лариса;Сляднева;Леонидовна
ba36d0f0-884f-11ea-b54a-0050569a9811;Алексей;Кириченко;Сергеевич
10f2af62-8855-11ea-b54a-0050569a9811;Игорь;Решетняк;Александрович
9b82bf6e-8a15-11ea-b54a-0050569a9811;Максим;Семченко;Сергеевич
9d1fac81-8f69-11ea-b54a-0050569a9811;Андрей;Огулев;Андреевич
928b9aab-8f78-11ea-b54a-0050569a9811;Дарья;Круглова;Евгеньевна
1f160d79-8f88-11ea-b54a-0050569a9811;Андрей;Доценко;Павлович
c73dc86a-8f8a-11ea-b54a-0050569a9811;Андрей;Попов;Владимирович
285eda24-8f9b-11ea-b54a-0050569a9811;Алена;Леденева;Юрьевна
d7669360-8f9d-11ea-b54a-0050569a9811;Сергей;Шелкоплясов;Геннадьевич
f274a8c5-8fa1-11ea-b54a-0050569a9811;Илья;Чубарь;
1469490e-9446-11ea-b54a-0050569a9811;Данил;Ткачев;Александрович
1d31c761-9448-11ea-b54a-0050569a9811;Дмитрий;Лобов;Александрович
ad304dc8-94f7-11ea-b54a-0050569a9811;Станислав;Винников;Михайлович
82ba5fe4-94fd-11ea-b54a-0050569a9811;Анна;Асадчая;Сергеевна
fd0a7b4b-9689-11ea-b54a-0050569a9811;Татьяна;Кононенко;Ивановна
d106b4f0-98d5-11ea-b54a-0050569a9811;Светлана;Латышева;Сергеевна
30e38aed-99a2-11ea-b54a-0050569a9811;Татьяна;Прохоркина;Александровна
c58493e4-9a90-11ea-b54a-0050569a9811;Марина;Трошина;Владимировна
c0123801-9bfd-11ea-b54a-0050569a9811;Евгений;Третьяков;Викторович
dc61979c-9c35-11ea-b54a-0050569a9811;Дмитрий;Литвинов;Сергеевич
f379615d-9e79-11ea-b54a-0050569a9811;Анастасия;Погребицкая;Сергеевна
66283445-9f1d-11ea-b54a-0050569a9811;Сергей;Головко;Васильевич
7d4282ef-9f5f-11ea-b54a-0050569a9811;Наталья;Грицкова;Александровна
1f5acb8d-a00f-11ea-b54a-0050569a9811;Екатерина;Малых;Юрьевна
4a9f2838-a019-11ea-b54a-0050569a9811;Александр;Толмачев;Владимирович
02ba01c4-a180-11ea-b54a-0050569a9811;Алексей;Чувайлов;Иванович
782a33c9-a194-11ea-b54a-0050569a9811;Сергей;Рожин;Николаевич
2ff9699a-a3d5-11ea-b54a-0050569a9811;Андрей;Латышев;Михайлович
03228ef2-a407-11ea-b54a-0050569a9811;Сергей;Кислицин;Николаевич
eb8952ac-a56a-11ea-b54a-0050569a9811;Алексей;Кириченко;Михайлович
02a06666-a57a-11ea-b54a-0050569a9811;Светлана;Михайлова;Юрьевна
80718f0d-a632-11ea-b54a-0050569a9811;Сергей;Павлов;Григорьевич
77f7a6f9-aa25-11ea-b54a-0050569a9811;Петр;Печенюк;Иванович
660b56d0-abca-11ea-b54a-0050569a9811;Олеся;Яцуненко;Алексеевна
467c1816-aee4-11ea-b54a-0050569a9811;Дмитрий;Ильин;Викторович
dd735f9f-afd5-11ea-b54a-0050569a9811;Максим;Киселев;Александрович
a01fa79c-b08e-11ea-b54a-0050569a9811;Екатерина;Кошкодан;Юрьевна
364d9192-b207-11ea-b54a-0050569a9811;Сергей;Кирюшатов;Анатольевич
c80f2617-b232-11ea-b54a-0050569a9811;Олеся;Сергеева;Вячеславовна
6ccd40d2-b463-11ea-b54a-0050569a9811;Сергей;Смоляков;Васильевич
dcefe814-b52d-11ea-b54a-0050569a9811;Наталья;Бирюкова;Николаевна
f92a9729-b5e7-11ea-b54a-0050569a9811;Павел;Мищенко;Петрович
a38686b2-ba05-11ea-b54b-0050569a9811;Елена;Чернухина;Владимировна
a9ada821-baa4-11ea-b54b-0050569a9811;Гулчехра;Сайидова;Хасановна
133c55e7-bad1-11ea-b54b-0050569a9811;Тимофей;Варагушев;Викторович
897078ba-bad4-11ea-b54b-0050569a9811;Светлана;Клюева;Александровна
41492e02-bb9e-11ea-b54b-0050569a9811;Марина;Кузнецова;Викторовна
67be0259-bba0-11ea-b54b-0050569a9811;Татьяна;Гутенева;Антоновна
3ce66688-bc50-11ea-b54b-0050569a9811;Оксана;Фурсова;Юрьевна
8f06be14-bc54-11ea-b54b-0050569a9811;Анна;Богданова;Викторовна
5131e4b9-bc5c-11ea-b54b-0050569a9811;Елена;Шмаргун;Николаевна
713fe789-bced-11ea-b54b-0050569a9811;Павел;Макогонов;Александрович
9825d673-bf62-11ea-b54b-0050569a9811;Александр;Демьянов;Федорович
0b9dec5b-c039-11ea-b54c-0050569a9811;Анастасия;Воронова;Александровна
76fdcb9a-c0dd-11ea-b54c-0050569a9811;Владимир;Булгаков;Васильевич
7e0dae36-c0f9-11ea-b54c-0050569a9811;Валерий;Ионов;Николаевич
41cd8d30-c11d-11ea-b54c-0050569a9811;Наталья;Марго;Сергеевна
e48bb410-c1d8-11ea-b54c-0050569a9811;Сергей;Кавадеев;Викторович
09c4d43c-c292-11ea-b54c-0050569a9811;Екатерина;Маканина;Сергеевна
1e09097e-c292-11ea-b54c-0050569a9811;Алексей;Смолянинов;Сергеевич
081795fc-c2bd-11ea-b54c-0050569a9811;Наталья;Гамзина;Викторовна
606d9722-c5ea-11ea-b54c-0050569a9811;Анжела;Картавцева;Юрьевна
a51009a8-c5f0-11ea-b54c-0050569a9811;Елена;Болгова;Владимировна
8d140580-c699-11ea-b54e-0050569a9811;Людмила;Слободенюк;Николаевна
792c9f23-c763-11ea-b54e-0050569a9811;Сергей;Киряев;Юрьевич
f1f823fb-c777-11ea-b54e-0050569a9811;Лилия;Выскребенцева;Викторовна
c54c0537-ca53-11ea-b54e-0050569a9811;Наталья;Федоркова;Анатольевна
a11ff9e1-ca56-11ea-b54e-0050569a9811;Юрий;Добродомов;Анатольевич
0cc884a6-ca9d-11ea-b54e-0050569a9811;Виктория;Фидиёва;Сергеевна
5eb5fd8d-cb62-11ea-b54f-0050569a9811;Наталья;Маматова;Владимировна
63e9d790-cb6a-11ea-b54f-0050569a9811;Елизавета;Борисовская;Евгеньевна
faaa1c2e-cbe7-11ea-b54f-0050569a9811;Лилия;Боженова;Эльмановна
35e4fafe-ccbc-11ea-b54f-0050569a9811;Алексей;Гавриленко;Филиппович
8aec07c2-cccc-11ea-b54f-0050569a9811;Анна;Леонова;Владимировна
a6522ffc-d095-11ea-b54f-0050569a9811;Александр;Учаев;Владимирович
d0e000ea-d188-11ea-b54f-0050569a9811;Ольга;Потехина;Викторовна
c07c2d10-d18d-11ea-b54f-0050569a9811;Михаил;Артеев;Иванович
558f85a2-d229-11ea-b54f-0050569a9811;Дмитрий;Лопатин;Сергеевич
1ad56286-d241-11ea-b54f-0050569a9811;Александр;Галицын;Эдуардович
2dea047f-d250-11ea-b54f-0050569a9811;Светлана;Польшина;Сергеевна
eda00c2a-d305-11ea-b54f-0050569a9811;Сергей;Ледочков;Александрович
71b8726d-d555-11ea-b54f-0050569a9811;Дмитрий;Восковский;Николаевич
9e53896c-d55a-11ea-b54f-0050569a9811;Валерия;Костина;Сергеевна
b442954d-d55a-11ea-b54f-0050569a9811;Евгений;Логвинов;Александрович
a70f4fd3-d58f-11ea-b54f-0050569a9811;Юлия;Мануилова;Вячеславовна
fa3dcfb4-d618-11ea-b54f-0050569a9811;Алёна;Курганская;Алексеевна
0447839f-d6e9-11ea-b550-0050569a9811;Наталья;Драгункина;Владимировна
d6e406c5-d6ee-11ea-b550-0050569a9811;Людмила;Михайлюкова;Викторовна
37b48ac4-d6f3-11ea-b550-0050569a9811;Виктория;Коновалова;Юрьевна
c3396e97-d708-11ea-b550-0050569a9811;Александр;Панченко;Иванович
0881cea3-d724-11ea-b550-0050569a9811;Алексей;Налбантов;Александрович
0ca14d16-d870-11ea-b552-0050569a9811;Евгения;Алиференко;Викторовна
292a897d-d879-11ea-b552-0050569a9811;Софья;Саницкая;Эдуардовна
6ab8f193-d87b-11ea-b552-0050569a9811;Евгений;Мохно;Михайлович
9ad07550-d896-11ea-b552-0050569a9811;Николай;Калашников;Юрьевич
2a2633d9-d898-11ea-b552-0050569a9811;Александр;Волосатов;Васильевич
bc5731e9-d8a8-11ea-b552-0050569a9811;Виктория;Павлова;Сергеевна
22b4a400-daf4-11ea-b552-0050569a9811;Валерий;Гайворонский;Николаевич
96065593-db0f-11ea-b552-0050569a9811;Татьяна;Савченко;Анатольевна
cebc2913-db9e-11ea-b552-0050569a9811;Неля;Клейн;Ильинична
b711e3be-dbbd-11ea-b552-0050569a9811;Юрий;Карпенко;Анатольевич
fcf1e529-dbe4-11ea-b552-0050569a9811;Павел;Гулякин;Олегович
93f3837a-dc6b-11ea-b552-0050569a9811;Артем;Дмитренко;Дмитриевич
10d2670b-dd59-11ea-b552-0050569a9811;Алёна;Беседина;Владимировна
36919487-dd5c-11ea-b552-0050569a9811;Виталий;Чернухин;Викторович
94cd5177-e04e-11ea-b552-0050569a9811;Алексей;Полуэктов;Сергеевич
14e899a4-e05c-11ea-b552-0050569a9811;Людмила;Косенко;Анатольевна
a27fc560-e1ed-11ea-b552-0050569a9811;Владимир;Лебеденко;Анатольевич
f4bfd1d3-e1ff-11ea-b552-0050569a9811;Павел;Терещенко;Васильевич
6945f0fc-e20f-11ea-b552-0050569a9811;Сергей;Сивый;Петрович
7f03a25f-e2bd-11ea-b552-0050569a9811;Елизавета;Брейда;Петровна
d8106220-e2da-11ea-b552-0050569a9811;Денис;Захаров;
3d1a2cc6-e37b-11ea-b554-0050569a9811;Николай;Гордеев;Николаевич
0ab67f1e-e3a6-11ea-b554-0050569a9811;Андрей;Шелякин;Александрович
16a0634a-e609-11ea-b554-0050569a9811;Евгений;Федченко;Викторович
9b0046a7-e6d6-11ea-b554-0050569a9811;Илья;Винивитин;Сергеевич
a342e0f5-e6dd-11ea-b554-0050569a9811;Виктор;Ковалев;Викторович
a9f48ad9-e76a-11ea-b554-0050569a9811;Павел;Ткаченко;Викторович
83574f83-e8fc-11ea-b554-0050569a9811;Юрий;Кондауров;Александрович
acd0bf48-e91e-11ea-b554-0050569a9811;Павел;Костыркин;Сергеевич
dc265ab0-e920-11ea-b554-0050569a9811;Татьяна;Кабирова;Евгеньевна
8a7056e8-eb4a-11ea-b554-0050569a9811;Лариса;Бурлакова;Ивановна
875118d4-eb4f-11ea-b554-0050569a9811;Анна;Добросоцких;Романовна
c99c31e6-eb55-11ea-b554-0050569a9811;Андрей;Белый;Витальевич
e31c2e05-ec2a-11ea-b554-0050569a9811;Алина;Иваницкая;Николаевна
c8464c3b-ec48-11ea-b554-0050569a9811;Инна;Ганущенко;Юрьевна
812d3c8d-ec49-11ea-b554-0050569a9811;Виктор;Якшин;Петрович
38b49201-edc0-11ea-b555-0050569a9811;Данил;Кудрявцев;
dc82d05f-ee79-11ea-b555-0050569a9811;Александр;Абулгасанов;Сиражудинович
ff44a789-ee99-11ea-b555-0050569a9811;Александр;Кальной;Анатольевич
556b3e07-f0d8-11ea-b555-0050569a9811;Игорь;Вторников;Васильевич
347221b2-f0e5-11ea-b555-0050569a9811;Светлана;Гридина;Афанасьевна
d2759adf-f0f3-11ea-b555-0050569a9811;Ольга;Кравченко;Сергеевна
335a9886-f0f7-11ea-b555-0050569a9811;Евгения;Атаманенко;Николаевна
0091020a-f1a1-11ea-b555-0050569a9811;Татьяна;Гура;
2f45d844-f1ad-11ea-b555-0050569a9811;Елена;Кудрявцева;Олеговна
02e58ce2-f1be-11ea-b555-0050569a9811;Алёна;Разинькова;Андреевна
6213c479-f25f-11ea-b555-0050569a9811;Алина;Чуркина;Александровна
b3799624-f272-11ea-b555-0050569a9811;Анна;Козяр;Владимировна
c52c4e21-f32b-11ea-b555-0050569a9811;Александр;Мартынов;Михайлович
51903d37-f330-11ea-b555-0050569a9811;Ольга;Слепченко;Николаевна
50f6fe1f-f334-11ea-b555-0050569a9811;Юлия;Потапова;Сергеевна
f6e3d80f-f33c-11ea-b555-0050569a9811;Николай;Босов;Владимирович
09471984-f344-11ea-b555-0050569a9811;Светлана;Воронюк;Андреевна
39473331-f3f9-11ea-b556-0050569a9811;Елизавета;Афанасьева;Васильевна
6371a03a-f40b-11ea-b556-0050569a9811;Александр;Морозов;Альбертович
f715af3b-f656-11ea-b557-0050569a9811;Ольга;Воронина;Николаевна
43c1b848-f65e-11ea-b557-0050569a9811;Максим;Шкилёв;Владимирович
183f1571-f66e-11ea-b557-0050569a9811;Денис;Литвиненко;Сергеевич
79ff7f58-f682-11ea-b557-0050569a9811;Игорь;Рядинский;Сергеевич
6e45919d-f71d-11ea-b557-0050569a9811;Юлия;Хорхордина;Анатольевна
4a23fe1e-f720-11ea-b557-0050569a9811;Богдан;Красилич;Богданович
804ea0c4-f7e0-11ea-b55a-0050569a9811;Маргарита;Рагозина;Васильевна
fb92463a-f7f9-11ea-b55a-0050569a9811;Евгений;Денейкин;Александрович
d1fe700d-f7fb-11ea-b55a-0050569a9811;Мария;Васюткина;Олеговна
fa562de6-f8ab-11ea-b55a-0050569a9811;Галина;Лопатина;Николаевна
e15a72ce-f979-11ea-b55a-0050569a9811;Сергей;Белозеров;Николаевич
dc92b74f-f980-11ea-b55a-0050569a9811;Михаил;Полюхов;Владимирович
2d76940c-fc9b-11ea-b55a-0050569a9811;Ксения;Федяева;Валерьевна
cec6c08e-fc9f-11ea-b55a-0050569a9811;Наталья;Серых;Сергеевна
4b1cfe3f-fcab-11ea-b55a-0050569a9811;Елена;Макуха;Александровна
8757419a-fccc-11ea-b55a-0050569a9811;Наталья;Уварова;Алексеевна
bf33f2ee-fd74-11ea-b55a-0050569a9811;Иван;Моргунов;Евгеньевич
15aeda3d-fdac-11ea-b55a-0050569a9811;Тимофей;Мишнев;Николаевич
ff35db05-fdad-11ea-b55a-0050569a9811;Максим;Мишнев;Николаевич
26f72cc7-fe2f-11ea-b55a-0050569a9811;Надежда;Луговая;Валентиновна
9d396a10-fe2f-11ea-b55a-0050569a9811;Оксана;Щетинина;Владимировна
82c0da02-fef3-11ea-b55a-0050569a9811;Николай;Акиньшин;Константинович
62a3a391-fef7-11ea-b55a-0050569a9811;Анна;Бакаева;Васильевна
51f61c43-ff08-11ea-b55a-0050569a9811;Кирилл;Бушев;Васильевич
faaee302-ff08-11ea-b55a-0050569a9811;Сергей;Маслов;Викторович
05fa0207-ffe8-11ea-b55a-0050569a9811;Алексей;Переверзев;Николаевич
4e708315-014b-11eb-b55a-0050569a9811;Николай;Бабаев;Николаевич
f05c91aa-014f-11eb-b55a-0050569a9811;Сергей;Резник;Эдуардович
26c64527-0154-11eb-b55a-0050569a9811;Наталья;Бабынина;Николаевна
ca5b1737-0160-11eb-b55a-0050569a9811;Вячеслав;Косенко;Викторович
e790db2a-0216-11eb-b55a-0050569a9811;Юлия;Босова;Михайловна
8eb7f370-022d-11eb-b55a-0050569a9811;Елена;Юлдашева;Михайловна
a3efd10a-023e-11eb-b55a-0050569a9811;Екатерина;Колесникова;Владимировна
8f639175-03ba-11eb-b55a-0050569a9811;Юлия;Белоусова;Александровна
7fcfd968-03c0-11eb-b55a-0050569a9811;Евгений;Мунтян;Александрович
4743a898-03da-11eb-b55a-0050569a9811;Кристина;Корнеева;Александровна
898d4c56-0482-11eb-b55a-0050569a9811;Анна;Малыхина;Анатольевна
837e40ad-0497-11eb-b55a-0050569a9811;Алексей;Холодов;Митрофанович
f6906cc1-04a4-11eb-b55a-0050569a9811;Ольга;Кастерина;Вячеславовна
febd8f27-06cd-11eb-b55a-0050569a9811;Елена;Кошкарёва;Анатольевна
f17cea47-06e5-11eb-b55a-0050569a9811;Анастасия;Денейкина;Евгеньевна
88e358f6-079b-11eb-b55a-0050569a9811;Галина;Третьякова;Александровна
9f50496f-07aa-11eb-b55a-0050569a9811;Антон;Ялтыченко;Павлович
7b733392-07c4-11eb-b55a-0050569a9811;Юлия;Сливченко;Андреевна
d6657a51-0871-11eb-b55a-0050569a9811;Наталья;Рогозина;Геннадьевна
f14f209b-0877-11eb-b55a-0050569a9811;Алексей;Звонарев;Сергеевич
e0c4b348-088b-11eb-b55a-0050569a9811;Тинатин;Беспалова;Спартаковна
695e169a-0939-11eb-b55a-0050569a9811;Светлана;Долгих;Андреевна
62aeb36a-0c7d-11eb-b55a-0050569a9811;Сергей;Климович;Александрович
3b480eb8-0d16-11eb-b55a-0050569a9811;Юлия;Бобылева;Валерьевна
b17fe5ee-0d4b-11eb-b55a-0050569a9811;Сергей;Густяков;Владимирович
83da7b4c-0df3-11eb-b55a-0050569a9811;Георгий;Кольцов;Андреевич
ba11752e-0e1b-11eb-b55a-0050569a9811;Станислав;Цыцорин;Романович
b6ca26ab-0eab-11eb-b55a-0050569a9811;Наталья;Агафонова;Александровна
6ad8f0e5-0ec4-11eb-b55a-0050569a9811;Евгений;Татарчук;Петрович
4f0a9b83-0ec6-11eb-b55a-0050569a9811;Семен;Шувахин;Алексеевич
ef36d8f3-0ecd-11eb-b55a-0050569a9811;Алена;Агафонова;Сергеевна
898e3185-0f76-11eb-b55a-0050569a9811;Дмитрий;Бочарников;Борисович
c8654330-0f93-11eb-b55a-0050569a9811;Виктория;Клыпка;Александровна
0e429641-0f9a-11eb-b55a-0050569a9811;Алексей;Лобков;Геннадьевич
f550283b-0f9d-11eb-b55b-0050569a9811;Николай;Финочкин;Петрович
e39089c6-0fa3-11eb-b55b-0050569a9811;Андрей;Джуманалиев;Игоревич
2bdf222f-0faa-11eb-b55b-0050569a9811;Виктория;Боровская;Александровна
4870dfc0-0fb3-11eb-b55b-0050569a9811;Иван;Кулешов;Викторович
0abdd38c-11dd-11eb-b55b-0050569a9811;Анастасия;Свистоленко;Олеговна
7887cd33-129a-11eb-b55b-0050569a9811;Александра;Рудыкина;Сергеевна
a0c671f4-12af-11eb-b55b-0050569a9811;Светлана;Белых;Дмитриевна
44f20ce8-1378-11eb-b55b-0050569a9811;Наталья;Бормотова;Александровна
c46ca67e-1389-11eb-b55b-0050569a9811;Марина;Попова;Юрьевна
267f0d32-143e-11eb-b55b-0050569a9811;Андрей;Кузьмин;Анатольевич
1df9c45d-14fd-11eb-b55b-0050569a9811;Наталья;Мезенцева;Александровна
c8cc1757-1505-11eb-b55b-0050569a9811;Иван;Тарасов;Васильевич
876c95b3-1524-11eb-b55b-0050569a9811;Любовь;Жировая;Геннадьевна
c6e075e3-1528-11eb-b55b-0050569a9811;Юрий;Боровков;Геннадьевич
a22c0256-1825-11eb-b55b-0050569a9811;Дмитрий;Надеин;Геннадьевич
b03a4d7b-182a-11eb-b55b-0050569a9811;Татьяна;Смотрова;Андреевна
e9feafec-18de-11eb-b55b-0050569a9811;Михаил;Сапелкин;Григорьевич
9829609b-18f0-11eb-b55b-0050569a9811;Владимир;Шляхов;Александрович
e3355856-1cd5-11eb-b55b-0050569a9811;Дмитрий;Пиджаков;Андреевич
97bc838d-6541-11e2-b55b-c86000c5baea;Александр;Кризьской;Викторович
97bc8391-6541-11e2-b55b-c86000c5baea;Григорий;Ласковец;Михайлович
97bc8394-6541-11e2-b55b-c86000c5baea;Александр;Локтионов;Федорович
97bc8395-6541-11e2-b55b-c86000c5baea;Сергей;Малакеев;Михайлович
97bc8399-6541-11e2-b55b-c86000c5baea;Владимир;Михайлов;Павлович
97bc839c-6541-11e2-b55b-c86000c5baea;Александр;Николаенко;Петрович
0bcbe8ab-65e0-11e2-b55b-c86000c5baea;Виталий;Пропустов;Анатольевич
0bcbe8ad-65e0-11e2-b55b-c86000c5baea;Людмила;Редкозуб;Ивановна
7f1c35cd-65e5-11e2-b55b-c86000c5baea;Юрий;Рыклин;Петрович
7f1c35d3-65e5-11e2-b55b-c86000c5baea;Евгений;Столбун;Викторович
c8bbfdfc-6605-11e2-b55b-c86000c5baea;Александр;Холоденко;Витальевич
c8bbfdff-6605-11e2-b55b-c86000c5baea;Юрий;Холоденко;Витальевич
c8bbfe00-6605-11e2-b55b-c86000c5baea;Ольга;Чернышова;Васильевна
c8bbfe01-6605-11e2-b55b-c86000c5baea;Александр;Шаповалов;Владимирович
c8bbfe02-6605-11e2-b55b-c86000c5baea;Александр;Шелуха;Владимирович
c8bbfe0f-6605-11e2-b55b-c86000c5baea;Валерий;Зарецкий;Александрович
be984a98-1d03-11eb-b55c-0050569a9811;Александр;Трофимов;Евгеньевич
478419ff-2000-11eb-b55e-0050569a9811;Алина;Кретова;Сергеевна
45974b32-2005-11eb-b55e-0050569a9811;Сергей;Плехов;Алексеевич
d50f0d3f-2257-11eb-b55e-0050569a9811;Ольга;Севрюгина;Александровна
82e94016-232e-11eb-b55e-0050569a9811;Оксана;Фатеева;Александровна
2e135f99-24d3-11eb-b55e-0050569a9811;Нелли;Зиминова;Сергеевна
dd5f4d36-2575-11eb-b55e-0050569a9811;Александр;Лазарев;Михайлович
45b8e0b3-27df-11eb-b55e-0050569a9811;Владислав;Фадеев;Евгеньевич
7c1b9695-27e7-11eb-b55e-0050569a9811;Максим;Боков;Сергеевич
42df096a-2967-11eb-b55f-0050569a9811;Мария;Маслова;Леонидовна
1aeae5e7-2a5b-11eb-b55f-0050569a9811;Виктория;Головина;Викторовна
1dd3c25f-2b07-11eb-b55f-0050569a9811;Ирина;Федотова;Сергеевна
f64b50f7-2d5a-11eb-b55f-0050569a9811;Алина;Аркатова;Николаевна
af9dcafa-2d88-11eb-b55f-0050569a9811;Николай;Сергиенко;Алексеевич
51e4b665-2e27-11eb-b55f-0050569a9811;Александр;Соловьёв;Николаевич
f393fc97-2eea-11eb-b55f-0050569a9811;Эдуард;Швыгарь;
9191d697-2fcc-11eb-b55f-0050569a9811;Анастасия;Звягинцева;Александровна
0c2a9942-3086-11eb-b560-0050569a9811;Александра;Клевцова;Романовна
ba0ae595-32de-11eb-b560-0050569a9811;Елена;Скоркина;Юрьевна
8da7a3a2-33a8-11eb-b560-0050569a9811;Евгения;Болдыжева;Алексеевна
a0e3c690-33ad-11eb-b560-0050569a9811;Антон;Георгиевский;Олегович
c346d566-33c2-11eb-b560-0050569a9811;Вадим;Лепехин;Эдуардович
1e8b9cad-33c8-11eb-b560-0050569a9811;Олег;Яременко;Олегович
22e39500-3463-11eb-b560-0050569a9811;Ксения;Таганашвили;Олеговна
2c564c70-3494-11eb-b560-0050569a9811;Евгения;Глазьева;Александровна
333c1370-3923-11eb-b560-0050569a9811;Валентина;Ковтун;Ивановна
bcaee348-392c-11eb-b560-0050569a9811;Сергей;Барышников;Васильевич
1d084d73-3ad5-11eb-b560-0050569a9811;Екатерина;Вербовикова;Евгеньевна
0e38ab96-3b9f-11eb-b560-0050569a9811;Сергей;Терещенко;Павлович
db3f45fd-3eab-11eb-b560-0050569a9811;Игорь;Фурманов;Васильевич
689cef37-4123-11eb-b560-0050569a9811;Анастасия;Шматченко;Викторовна
ae53b8b5-45b6-11eb-b560-0050569a9811;Дмитрий;Скрябин;Николаевич
382c6703-45d7-11eb-b560-0050569a9811;Екатерина;Криворотенко;Григорьевна
87599571-4674-11eb-b560-0050569a9811;Лариса;Наврос;Борисовна
5773dbb4-48e0-11eb-b560-0050569a9811;Андрей;Ахременков;Анатольевич
a7982a80-4900-11eb-b560-0050569a9811;Никита;Ткачев;Владимирович
1db379f1-49a0-11eb-b560-0050569a9811;Эдуард;Карагодин;Васильевич
eb5a9b04-3977-11e4-b598-001b2139786e;Вячеслав;Косюк;Валерьянович
95fa4b0a-3de7-11e2-b695-001517b35d6e;Юлия;Зиманина;Евгеньевна
0ddc677f-a450-11e3-b7d4-001b2139786e;Александр;Суворов;Владимирович
0ddc6796-a450-11e3-b7d4-001b2139786e;Дмитрий;Орехов;Вячеславович
959dbeed-ec41-11e5-b8b1-001b2139786e;Вячеслав;Титов;Николаевич
98d4d08c-a0f3-11e2-b8b6-001517b35d6e;Вячеслав;Толстых;Викторович
3770f5c4-c752-11e5-b8d8-001b2139786e;Дмитрий;Нежурин;Михайлович
6d2367f4-797a-11e6-b917-001b2139786e;Александр;Нартов;Сергеевич
8a697180-b094-11e2-b996-001517b35d6e;Виктор;Щербаков;Александрович
0b8b7043-b49b-11e2-b996-001517b35d6e;Валентина;Янкевич;Владимировна
f002e0d2-1ea0-11e2-bc5c-001517b35d6e;Александр;Агарков;Михайлович
a57eb9e9-224c-11e2-bc5c-001517b35d6e;Константин;Журавлёв;Николаевич
1011e46c-503d-11e3-be91-c86000c5baea;Наталья;Комягина;Владимировна
c93f4a97-a9e0-11e3-bf38-c86000c5baea;Сергей;Рыбалко;Петрович
59e5213a-0121-11e1-bf81-001e8c86810b;Руслан;Гребенюк;Вячеславович
afdac6b4-0150-11e1-bf81-001e8c86810b;Иван;Кислых;Вячеславович
22347ba4-054c-11e1-bf87-001e8c86810b;Татьяна;Матвиенко;Викторовна
8feea1c0-076c-11e1-bf8b-001e8c86810b;Сергей;Ястребов;Иванович
81c31d6a-3c31-11e1-bfcd-001e8c86810b;Александр;Шевыров;Николаевич
98ee6831-2ee8-11e2-bfe3-001517b35d6e;Елена;Алексеенко;Михайловна
cc437279-2fdf-11e2-bfe3-001517b35d6e;Татьяна;Чубук;Ивановна
627f7795-5c46-11e1-bff1-001e8c86810b;Рената;Пономаренко;Васильевна
627f7798-5c46-11e1-bff1-001e8c86810b;Маргарита;Мошенцова;Александровна
8cc2d2aa-6c0b-11e1-bff5-001e8c86810b;Елена;Огурцова;Михайловна
6f827d77-6f63-11e1-bfff-001e8c86810b;Александр;Съедин;Сергеевич